Ссылки
/ban-can-ho-chung-cu-duong-nguyen-huu-canh-phuong-nguyen-an-ninh-prj-vung-tau-centre-point/noi-bo-dic-mo-tung-18-dep-nhan-nha-som-t3-2025-tai-2pn-huong-bien-83m2-gia-3-1-ty-pr41787310
/ban-dat-duong-huong-lo-3-phuong-binh-hung-hoa/ban-403-15-403-15a-3-tan-gia-uu-dai-47-ty-498m2-pr41926387
/ban-nha-biet-thu-lien-ke-duong-dai-duong-xa-long-hung-prj-the-empire-vinhomes-ocean-park-2/mo-ban-cap-2-can-nhau-160m2-lon-30m-huong-dong-nam-doi-dien-lang-sake-pr41925706
/ban-nha-biet-thu-lien-ke-xa-long-hung-prj-the-empire-vinhomes-ocean-park-2/shophouse-sao-bien-gan-chung-cu-full-hoan-thien-5-tang-san-sang-cho-thue-67-5m2-gia-9-8-ty-pr41925982
/ban-can-ho-chung-cu-duong-da-ton-xa-duong-xa-prj-vinhomes-ocean-park-gia-lam/ban-quan-ly-du-an-quy-thang-12-chinh-chu-studio-1pn-2pn-3pn-mien-phi-trung-gian-pr41850299
/ban-can-ho-chung-cu-duong-3-2-2-phuong-12-5-prj-hado-centrosa-garden/gio-hang-hon-100-ban-tai-ha-do-nhieu-doc-quyen-gia-tot-nhat-1pn-5-7ty-2pn-7-5ty-3pn-9-5ty-pr41924871
/ban-nha-biet-thu-lien-ke-duong-to-huu-phuong-duong-noi-prj-solasta-mansion-duong-noi/can-tien-ban-gap-can-bt-tu-165tr-m2-re-hon-cdt-3-ty-pr41883203
/ban-nha-biet-thu-lien-ke-xa-nghia-tru-prj-the-crown-vinhomes-ocean-park-3/quy-can-phan-khu-anh-duong-chinh-sach-chiet-khau-vo-cung-hap-dan-nhieu-loai-hinh-dien-tich-pr41327912
/ban-can-ho-chung-cu-duong-nguyen-huu-canh-phuong-nguyen-an-ninh-prj-vung-tau-centre-point/ban-view-bien-2pn-76m2-so-ng-vinh-vien-chiet-khau-16-5-lh-096182271-pr40990115
/ban-can-ho-chung-cu-duong-dien-bien-phu-phuong-22-prj-vinhomes-central-park/chinh-chu-ket-tien-ban-gap-di-dinh-1pn-4ty-2pn-6ty-3pn-9ty-4pn-14ty-park-pr41274465
/ban-can-ho-chung-cu-duong-xa-lo-ha-noi-phuong-thao-dien-prj-masteri-thao-dien/chuyen-gia-re-nhat-thi-truong-tro-vay-80-lh-0936-721-723-mr-ai-pr34061984
/ban-can-ho-chung-cu-duong-xa-lo-ha-noi-phuong-thao-dien-prj-masteri-thao-dien/chuyen-chuyen-nhuong-ht-vay-bank-80-bao-gia-thap-nhat-thi-truong-pr38623445
/ban-can-ho-chung-cu-duong-thong-nhat-phuong-dong-hoa-prj-bcons-city/chay-gio-hang-du-an-noi-bat-dang-song-va-chuan-phap-ly-tai-tp-di-an-binh-duong-pr41925048
/ban-can-ho-chung-cu-duong-nguyen-co-thach-phuong-an-khanh-prj-the-river-thu-thiem/tan-truong-full-gio-hang-chuyen-nhuong-1pn-8-3-ty-2pn-10-ty-3pn-15-ty-4pn-39-ty-pr39301647
/ban-nha-biet-thu-lien-ke-xa-long-hung-prj-the-empire-vinhomes-ocean-park-2/doc-quyen-suat-ngoai-giao-sh7-84m2-mt-6m-gia-sock-14-2-ty-gia-chu-dau-tu-16-6-ty-pr41621659
/ban-can-ho-chung-cu-duong-vo-van-kiet-phuong-an-lac-6-prj-akari-city-nam-long/-ro-hang-ngoai-giao-gia-tot-nhat-thi-truong-nha-moi-nhan-vao-o-ngay-goc-view-dep-pr41725484
/ban-can-ho-chung-cu-duong-dien-bien-phu-phuong-22-prj-vinhomes-central-park/cuc-pham-108m2-full-nt-cao-cap-co-so-gia-15-5-ty-lh-pkd-ngoc-pr41772393
/ban-can-ho-chung-cu-duong-vo-van-kiet-phuong-an-lac-6-prj-akari-city-nam-long/gio-hang-giai-doan-1-va-giai-doan-2-tot-nhat-gia-tu-2-7-ty-dt-pr41107214
/ban-shophouse-nha-pho-thuong-mai-xa-long-hung-prj-the-empire-vinhomes-ocean-park-2/mo-ban-quy-2-3-so-luong-gioi-han-thanh-toan-30-cho-vay-70-khong-lai-pr41924551
/ban-can-ho-chung-cu-duong-n1-phuong-son-ky-prj-celadon-city/ro-hang-ban-2pn-2wc-2bc-92-5m2-alnata-thap-a3-tang-cao-h-tay-nam-gia-goc-cdt-3ty986-pr41924538
/ban-dat-duong-1-5-2-phuong-blao/-sieu-vip-quy-hoach-tho-cu-ngay-tam-thuoc-trung-tam-tp-bao-loc-lam-dong-pr38920091
/ban-nha-mat-pho-duong-a4-phuong-12-10/ban-chinh-chu-mt-so-76-khu-k300-tan-binh-11-17m2-1t3l-59-ty-1-moi-gioi-pr41924172
/ban-nha-biet-thu-lien-ke-xa-yen-binh-4-prj-ha-noi-tropical-garden/mo-ban-xanh-villas-2-tai-hoa-lac-so-do-lau-dai-mien-lai-18-tng-pr41763731
/ban-dat-duong-hung-vuong-2-xa-an-tay/chuan-bi-xuat-canh-toi-ban-gap-lo-moi-san-lap-ngay-mat-tien-gia-re-nhat-khu-vuc-pr40770706
/ban-can-ho-chung-cu-duong-xa-lo-ha-noi-phuong-thao-dien-prj-masteri-thao-dien/chuyen-chuyen-nhuong-cam-ket-gia-tot-nhat-thi-truong-lh-em-tram-pr41715481
/ban-nha-biet-thu-lien-ke-phuong-phu-thuong-1-prj-kita-capital-ciputra/ban-tay-ho-gia-truc-tiep-cdt-chiet-khau-8-25-mien-phi-quan-ly-van-hanh-2-nam-pr41924333
/ban-nha-biet-thu-lien-ke-duong-le-quang-dao-phuong-duong-noi-prj-an-quy-villa-kdt-duong-noi/-mat-keo-dai-truc-tiep-cdt-nam-cuong-dt-198m2-g-cong-vien-pr41924297
/ban-can-ho-chung-cu-duong-dien-bien-phu-phuong-22-prj-vinhomes-central-park/ban-nhanh-2pn-vinmes-83m2-noi-that-luxury-so-ng-gia-5-85-ty-bao-phi-pr39083994
/ban-shophouse-nha-pho-thuong-mai-duong-tran-hung-dao-phuong-nai-hien-dong-prj-sun-symphony-residence/-biet-thu-ven-song-han-quy-can-vip-nhat-con-sot-lai-chiet-khau-den-16-pr41924245
/ban-can-ho-chung-cu-duong-vung-thien-phuong-tan-dong-hiep-prj-phu-dong-skyone/-gia-tu-1-5-ty-thanh-toan-9tr-thang-cam-ket-thue-lai-8-10tr-thang-o-trung-tam-tp-di-an-pr41005124
/ban-can-ho-chung-cu-duong-nguyen-huu-canh-phuong-nguyen-an-ninh-prj-vung-tau-centre-point/bao-tieu-gio-hang-hiem-tang-cao-84m2-gia-chi-3-1-ty-pr41479821
/ban-can-ho-chung-cu-duong-ngo-thi-nham-phuong-hoa-khanh-nam/dau-tu-an-phat-trien-ng-du-an-hot-tai-trung-tam-quan-lien-chieu-mia-center-point-gia-tot-pr41924212
/ban-nha-biet-thu-lien-ke-duong-co-loa-xa-dong-hoi-prj-vinhomes-co-loa/quy-can-lk-bt-shop-global-gate-voi-day-du-cac-loai-hinh-san-pham-dien-tich-vi-tri-dep-nhat-pr41924151
/ban-dat-duong-dai-lo-thang-long-xa-tien-xuan/ban-gap-107-5m2-mat-rong-9-5m-2-xe-oto-tranh-gan-hoc-quoc-gia-ha-noi-hoa-lac-26tr-m2-pr41922783
/ban-nha-biet-thu-lien-ke-phuong-phu-thuong-1-prj-kita-capital-crown-ciputra/ban-co-ham-chiet-khau-8-25-mien-lai-goc-ngan-hang-12-thang-lh-pr41922693
/ban-can-ho-chung-cu-duong-dien-bien-phu-phuong-22-prj-vinhomes-central-park/ban-ch-du-loai-1-2-3-4-pn-gia-tot-nhat-thi-truong-khanh-huyen-pr41329892
/ban-nha-biet-thu-lien-ke-xa-van-canh-1-prj-an-lac-green-symphony/hot-101m2-view-cong-vien-vi-tri-dep-gia-dau-tu-re-hon-thi-truong-25-don-song-duong-3-5-pr41878066
/ban-nha-biet-thu-lien-ke-duong-co-loa-xa-dong-hoi-prj-vinhomes-co-loa/ban-quy-can-hot-gia-15-ty-tai-loa-pr41909882
/ban-nha-biet-thu-lien-ke-xa-long-hung-prj-the-empire-vinhomes-ocean-park-2/ban-co-xanh-18-dt-210m-kt-14x15m2-don-lap-nhin-ra-song-cong-vien-can-goc-gia-55-ty-pr40595891
/ban-can-ho-chung-cu-duong-dien-bien-phu-phuong-22-prj-vinhomes-central-park/ban-nhanh-view-dep-xuat-sac-tai-vinmes-5-99-ty-53-7m2-1pn-1wc-pr41836845
/ban-can-ho-chung-cu-xa-duong-xa-prj-vinhomes-ocean-park-gia-lam/quy-tot-nhat-2pn1wc-full-do-2-65-ty-bao-phi-3pn-75m2-full-do-3-65-ty-3pn-100m2-4-8x-ty-pr41908321
/ban-can-ho-chung-cu-duong-xa-lo-ha-noi-phuong-thao-dien-prj-masteri-thao-dien/chuyen-nam-n-300-gia-tot-so-voi-thi-truong-huong-pr40730627
/ban-dat-nen-du-an-duong-47-2-phuong-dong-tien-prj-tan-duc-central-park/hien-tai-con-duy-nhat-02-can-vi-tri-kinh-doanh-dinh-cao-gia-cdt-re-nhat-thi-truong-pr41921189
/ban-nha-biet-thu-lien-ke-xa-van-canh-1-prj-an-lac-green-symphony/quy-can-chuyen-nhuong-ngon-bo-re-135m2-300m2-gia-ban-145tr-m2-ca-xay-mua-la-thang-noi-ko-ao-pr41823472
/ban-nha-biet-thu-lien-ke-xa-long-hung-prj-the-empire-vinhomes-ocean-park-2/can-goc-don-lap-dao-dua-24-3-ty-chiet-khau-20-tang-ngay-5-cay-vang-tri-gia-375-trieu-pr39234897
/ban-can-ho-chung-cu-duong-le-van-luong-xa-nhon-duc-prj-khai-hoan-prime/50-suat-mua-noi-bo-truc-tiep-cdt-chi-voi-480-trieu-von-ban-dau-20-tro-lai-suat-24-thang-pr40719112
/ban-can-ho-chung-cu-duong-an-duong-vuong-phuong-an-lac-6-prj-the-privia/-cao-cap-giap-rh-qu-6-ke-ben-ben-xe-mien-tay-bv-trieu-phap-ly-so-ng-pr41921718
/ban-can-ho-chung-cu-duong-dien-bien-phu-phuong-22-prj-vinhomes-central-park/-ban-2pn-view-thoang-70m2-gia-chi-6-ty-lh-le-quyen-dxs-pr41858865
/ban-nha-biet-thu-lien-ke-duong-co-loa-xa-dong-hoi-prj-vinhomes-co-loa/top-10-can-dau-tu-tot-nhat-tai-hang-truc-tiep-chu-dau-tu-chiet-khau-22-5-pr41715811
/ban-nha-biet-thu-lien-ke-xa-van-canh-1-prj-an-lac-green-symphony/doc-quyen-20-c-ky-truc-tiep-cdt-ck-8-1-cay-vg-du-quy-c-lk-sl-dl-pr41760030
/ban-can-ho-chung-cu-duong-dai-lo-vong-cung-phuong-thu-thiem-prj-the-opera-residence/huyen-an-chuyen-chuyen-nhuong-nam-vung-2pn-15-2-ty-thong-tin-that-uy-tin-gia-sau-nhat-pr41668020
/ban-shophouse-nha-pho-thuong-mai-duong-hoa-son-10-phuong-hoa-cuong-nam-prj-regal-pavillon-da-nang/ban-song-han-4-tang-canh-lotte-mart-dt-120m2-vao-kinh-doanh-ngay-trung-tam-nang-pr41682905
/ban-can-ho-chung-cu-xa-duong-xa-prj-vinhomes-ocean-park-gia-lam/cap-nhat-lien-tuc-quy-studio-1n-2n-3n-hot-nhat-oceanpark-cat-lo-pr41841748
/ban-can-ho-chung-cu-phuong-dong-ngac-prj-sunshine-city/quy-chuyen-nhuong-ciputra-thang-08-2024-2pn-3pn-duplex-gia-chuan-pr40552189
/ban-can-ho-chung-cu-duong-tran-hung-dao-phuong-nai-hien-dong-prj-sun-symphony-residence/quy-s1-s2-va-s3-dep-nhat-chua-tang-gia-88m2-gia-chi-tu-47tr-m2-dau-tu-tot-lh-de-nhan-tu-van-pr41920801
/ban-nha-biet-thu-lien-ke-xa-long-hung-prj-the-empire-vinhomes-ocean-park-2/gia-soc-10-ty-75m2-duong-20m-2-pr41860752
/ban-nha-rieng-duong-lac-long-quan-phuong-nghia-do-1/ban-272m2-ngo-175-co-the-xay-5-lo-gia-ban-nh-175tr-pr41920472
/ban-can-ho-chung-cu-duong-le-van-luong-xa-nhon-duc-prj-khai-hoan-prime/ban-2pn-1wc-tai-an-2-6-ty-54m2-pr41920454
/ban-can-ho-chung-cu-duong-vo-van-kiet-phuong-16-1-prj-diamond-riverside/chinh-chu-ban-2pn-2wc-72-25m2-cc-q8-nha-full-nthat-nhu-hinh-2-55ty-pr40733235
/ban-nha-biet-thu-lien-ke-xa-long-hung-prj-the-empire-vinhomes-ocean-park-2/can-goc-gia-tot-nhat-du-an-2-va-3-chi-13-9-ty-gia-full-pr41920320
/ban-can-ho-chung-cu-duong-dao-tri-phuong-phu-thuan-3-prj-q7-saigon-riverside/ch-sg-hot-sap-ban-giao-view-song-gia-sieu-hat-de-chi-tu-1-8ty-lh-0968364060-pr31878130
/ban-can-ho-chung-cu-duong-an-binh-phuong-an-binh-prj-phu-dong-sky-garden/mo-ban-sap-ban-giao-gia-tu-2-ty-6-chiet-khau-15-pr41003332
/ban-shophouse-nha-pho-thuong-mai-xa-van-canh-1-prj-an-lac-green-symphony/gap-gap-chinh-chu-can-ban-can-2-mat-tien-doi-dien-chung-cu-dt-90m2-gia-cuc-re-pr40624891
/ban-dat-nen-du-an-duong-so-33-phuong-cat-lai-prj-khu-do-thi-cat-lai/b-lo-dep-nhat-mat-tien-ngg-7m-truc-ong-rong-20m-dep-nhat-kdt-lai-pr41920192
/ban-nha-biet-thu-lien-ke-duong-co-loa-xa-dong-hoi-prj-vinhomes-co-loa/tong-hop-quy-can-hoa-hau-global-gate-gia-truc-tiep-cdt-ck-22-chon-can-theo-yeu-cau-pr41713710
/ban-nha-biet-thu-lien-ke-duong-co-loa-xa-dong-hoi-prj-vinhomes-co-loa/ban-view-dep-tai-15-92-ty-62-5m2-anh-ha-noi-pr41807152
/ban-can-ho-chung-cu-duong-dien-bien-phu-phuong-22-prj-vinhomes-central-park/ban-vinmes-gia-tot-nhat-1-2-3-4-pn-day-du-cac-loai-tich-pr41837263
/ban-can-ho-chung-cu-duong-le-van-luong-xa-nhon-duc-prj-khai-hoan-prime/-gia-re-lien-ke-phu-my-hung-gia-chi-tu-50tr-m2-ban-giao-full-noi-that-cao-cap-pr41866641
/ban-nha-biet-thu-lien-ke-duong-co-loa-xa-dong-hoi-prj-vinhomes-co-loa/quy-can-lo-goc-to-vi-tri-dep-vip-nhat-du-an-gia-tot-ko-chenh-duoc-viec-pr41913230
/ban-can-ho-chung-cu-phuong-tay-mo-prj-vinhomes-smart-city/em-trang-gui-quy-re-nhat-43m2-100m2-gia-tu-59tr-m2-ngon-bo-re-xem-nha-24-7-pr41776856
/ban-nha-mat-pho-duong-nguyen-thuong-hien-phuong-6-13/ban-tien-khu-cho-cay-queo-hoang-hoa-tham-binh-thanh-no-hau-pr41917885
/ban-can-ho-chung-cu-duong-nguyen-co-thach-phuong-an-khanh-prj-the-river-thu-thiem/gio-hang-doc-quyen-hon-99-view-dep-nhat-gia-tot-nhat-thi-truong-pr40790843
/ban-can-ho-chung-cu-duong-dai-lo-vong-cung-phuong-thu-thiem-prj-the-opera-residence/nam-gio-hang-doc-quyen-hon-99-metropole-dep-nhat-gia-tot-nhat-thi-truong-pr40284815
/ban-nha-rieng-pho-thai-ha-phuong-quang-trung/chinh-chu-ban-gap-toa-10t-chung-cu-mini-tai-3-gia-chi-49-9-ty-130m2-day-du-noi-tt-pr41434350
/ban-nha-rieng-pho-phao-dai-lang-phuong-lang-thuong/so-huu-ngay-6-tang-moi-xay-khong-gian-song-ly-tuong-kinh-doanh-thuan-loi-pr41918920
/ban-can-ho-chung-cu-phuong-long-thanh-my-prj-vinhomes-grand-park/1-suat-thuong-duy-nhat-2pn-beverly-solari-view-quang-truong-chi-2-79-ty-ck-17-3-htls-18-thang-pr41877278
/ban-can-ho-chung-cu-phuong-tay-mo-prj-the-victoria-vinhomes-smart-city/-cao-cap-2pn-goc-gia-soc-68tr-m-kng-chenh-3-tang-de-xe-ck-den-14-8-pr41910540
/ban-nha-biet-thu-lien-ke-duong-co-loa-xa-dong-hoi-prj-vinhomes-co-loa/quy-can-doc-quyen-shophouse-vi-tri-dep-cap-nhat-moi-nhat-thang-12-pr41841025
/ban-dat-duong-quoc-lo-21a-quoc-lo-21-xa-phu-cat-1/chu-nha-ban-gap-goc-ngay-tai-ql-gan-dhqg-khu-cnc-hoa-lac-chi-tu-2-1-ty-113m2-pr41918466
/ban-can-ho-chung-cu-duong-dien-bien-phu-phuong-22-prj-vinhomes-central-park/chuyen-mua-ban-3pn-4pn-penthouse-nha-dep-sang-trong-goi-la-xem-ngay-24-7-pr41742901
/ban-can-ho-chung-cu-xa-duong-xa-prj-vinhomes-ocean-park-gia-lam/quy-view-dep-chinh-chu-ban-cat-lo-tu-300tr-so-do-chinh-chu-mien-phi-mg-tro-vay-toi-70-pr39114589
/ban-nha-biet-thu-lien-ke-duong-co-loa-xa-dong-hoi-prj-vinhomes-co-loa/mo-ban-quy-thuong-so-luong-gioi-han-thanh-toan-30-mien-lai-70-den-36-thang-pr41402667
/ban-can-ho-chung-cu-duong-n1-phuong-son-ky-prj-celadon-city/diamond-centery-gio-hang-cdt-ck-17-tang-o-xe-oto-dinh-danh-mien-phi-tron-doi-pr41869947
/ban-can-ho-chung-cu-duong-xa-lo-ha-noi-phuong-thao-dien-prj-masteri-thao-dien/-ban-gap-cam-ket-re-hon-thi-truong-300tr-vay-80-lh-thuy-masteri-pr38904891
/ban-can-ho-chung-cu-duong-bang-liet-phuong-hoang-liet-prj-ha-noi-melody-residences/xem-nha-24-7-ra-hang-quy-2-3pn-truc-tiep-cdt-view-dep-full-chiet-khau-qua-tang-vang-9999-pr41729220
/ban-nha-biet-thu-lien-ke-xa-thanh-lam-3-prj-hud-me-linh-central/quy-ngoai-giao-lk-dau-gia-gia-tot-tra-tien-do-ho-tro-vay-70-so-do-lh-pkd-pr41411931
/ban-nha-rieng-phuong-thao-dien/ban-dep-moi-xay-4-tang-quan-2-yen-tinh-nghi-duong-pr41003534
/ban-nha-biet-thu-lien-ke-duong-co-loa-xa-dong-hoi-prj-vinhomes-co-loa/tong-hop-shophouse-dep-nhat-tai-tang-5-cay-vang-lh-pr41915789
/ban-dat-nen-du-an-xa-phu-cat-1-prj-khu-cong-nghiep-bac-phu-cat-ha-noi/ban-gap-100m2-tai-quoc-oai-gia-cuc-ct-4-ty-pr41917599
/ban-nha-biet-thu-lien-ke-xa-nghia-tru-prj-the-crown-vinhomes-ocean-park-3/ban-gap-75-m2-vinh-tay-ocp3-sat-sanh-chung-cu-masterise-cong-vien-truong-hoc-pr41811508
/ban-dat-duong-huong-lo-3-phuong-binh-hung-hoa/ban-tai-3-gia-uu-dai-46-ty-vnd-dien-tich-498m2-hot-pr41656158
/ban-nha-biet-thu-lien-ke-xa-long-hung-prj-the-empire-vinhomes-ocean-park-2/mo-ban-quy-can-hoan-thien-5-tang-gia-sock-tai-vhocp2-sao-bien-67-5m2-gia-chi-9-8-ty-pr41507823
/ban-can-ho-chung-cu-xa-da-ton-prj-the-paris-vinhomes-ocean-park/-studio-3pn-gia-re-nhat-tu-60tr-m2-tai-cao-cap-park-pr41745152
/ban-can-ho-chung-cu-duong-bang-liet-phuong-hoang-liet-prj-ha-noi-melody-residences/-hang-hiem-ban-ngoai-giao-2-va-3-phong-ngu-dien-tich-68-145m-gia-chi-52tr-met-pr41837354
/ban-can-ho-chung-cu-duong-ho-tung-mau-phuong-phu-dien-prj-goldmark-city/tong-p-60-loai-2-3-4-pn-dang-co-nhu-cau-ban-chu-nha-thien-chi-gap-khach-pr39668261
/ban-nha-biet-thu-lien-ke-duong-co-loa-xa-dong-hoi-prj-vinhomes-co-loa/-suat-mua-vi-tri-vip-gia-tot-hon-thi-truong-10-20-khong-chenh-lh-pr41098771
/ban-can-ho-chung-cu-duong-ho-tung-mau-phuong-phu-dien-prj-goldmark-city/doc-quyen-quy-2-3-4pn-ban-gap-cat-lo-tai-cap-nhat-hang-ngay-lh-pr40076519
/ban-can-ho-chung-cu-duong-xuan-dieu-phuong-quang-an-2-prj-d-le-roi-soleil/quy-cao-cap-3-mat-view-tay-tren-b-ao-qu-tai-u-soil-pr40852792
/ban-nha-biet-thu-lien-ke-duong-le-trong-tan-xa-an-khanh-4-prj-khu-a-geleximco-le-trong-tan/chinh-chu-ban-tai-gia-tot-nhat-tri-truong-lh-pr41916280
/ban-nha-biet-thu-lien-ke-duong-427-thi-tran-thuong-tin-prj-him-lam-thuong-tin/ban-nhanh-3-suat-ngoai-giao-mat-427-va-33m-du-an-tin-pr40314629
/ban-can-ho-chung-cu-duong-dai-lo-binh-duong-phuong-lai-thieu-prj-the-emerald-golf-view/ban-gap-san-thanh-toan-10-nhan-nha-truoc-tet-so-san-chiet-khau-18-pr41916040
/ban-nha-biet-thu-lien-ke-duong-nguyen-tat-thanh-phuong-cam-nghia-prj-song-town/-sat-bien-3-tang-caraworld-ranh-pr41915902
/ban-can-ho-chung-cu-phuong-tay-mo-prj-the-victoria-vinhomes-smart-city/duy-nhat-con-sot-lai-2pn-goc-du-an-chinh-sac-uu-dai-chiet-khau-len-den-16-8-pr41915867
/ban-can-ho-chung-cu-xa-da-ton-prj-the-sapphire-1-vinhomes-ocean-park/chinh-chu-em-ban-dien-tich-59m2-gia-2-62-ty-day-du-do-noi-that-san-so-do-view-tang-pr41915657
/ban-can-ho-chung-cu-duong-tran-hung-dao-phuong-nai-hien-dong-prj-peninsula-da-nang/t-xanh-ra-mat-toa-cao-cap-mat-song-han-trung-tam-gia-uu-i-pr39872128
/ban-nha-biet-thu-lien-ke-duong-lien-phuong-phuong-phu-huu-2-prj-verosa-park-khang-dien/cap-nhat-gio-hang-chuyen-nhuong-moi-nhat-du-an-quan-9-thanh-pho-duc-pr35591737
/ban-can-ho-chung-cu-xa-da-ton-prj-the-paris-vinhomes-ocean-park/mo-ban-phan-khu-toa-cuoi-cung-gia-re-tai-1-tam-view-cuc-dinh-giam-toi-10-pr41421075
/ban-nha-biet-thu-lien-ke-xa-nghia-tru-prj-the-crown-vinhomes-ocean-park-3/tong-hop-quy-khu-vinh-tay-anh-duong-vinh-thien-duong-gia-tot-nhat-cho-khach-hang-pr41545174
/ban-nha-biet-thu-lien-ke-xa-long-hung-prj-the-empire-vinhomes-ocean-park-2/tang-ngay-xe-vf3-1-suat-boc-tham-vf9-va-25-chi-vang-cho-khach-hang-dat-coc-trong-thang-12-pr41723130
/ban-can-ho-chung-cu-duong-nguyen-trai-phuong-thuong-dinh-prj-royal-city/gia-tot-nhat-du-an-chi-11-4-ty-131m2-3pn-2vs-ngay-trung-tam-quan-thanh-xuan-hn-pr41915120
/ban-can-ho-chung-cu-phuong-dong-ngac-prj-sunshine-city/mua-nha-don-tet-an-vui-cap-nhat-danh-sach-ban-moi-nhat-gia-uu-dai-pr38855157
/ban-dat-duong-nguyen-khoai-phuong-thanh-luong/ban-mat-hai-ba-trung-hn-dien-tich-148-4m2-mat-tien-4m-gia-tu-19-ty-pr40849000
/ban-can-ho-chung-cu-duong-nguyen-tat-thanh-phuong-hoa-hiep-nam-prj-nam-o-discovery/-discvery-view-bien-dang-cap-nhan-bking-50trieu-tang-ngay-3-chi-vang-pr41373243
/ban-can-ho-chung-cu-phuong-long-thanh-my-prj-vinhomes-grand-park/gio-hang-10-doc-quyen-duoc-tang-xe-vf3-chiet-khau-14-cam-ket-thue-540-trieu-quan-9-pr41788626
/ban-nha-mat-pho-duong-nguyen-thuong-hien-phuong-6-13/ban-tien-binh-thanh-dong-tien-sau-cai-tao-14-phong-90tr-thang-pr41830514
/ban-nha-biet-thu-lien-ke-xa-nghia-tru-prj-the-crown-vinhomes-ocean-park-3/mat-bien-nhan-tao-pho-canh-dai-lo-can-song-thien-duong-giai-tri-venice-full-30-cong-vien-pr41914728
/ban-can-ho-chung-cu-phuong-long-thanh-my-prj-vinhomes-grand-park/3-suat-thuong-cuoi-cung-the-beverly-solari-mua-truc-tiep-cdt-vinmes-mua-la-loi-200-trieu-pr41575692
/ban-can-ho-chung-cu-duong-minh-khai-phuong-vinh-tuy-prj-times-city/chinh-chu-ban-108m2-2pn-tai-toa-t6-timescity-q-hai-ba-trung-ha-noi-pr41156013
/ban-can-ho-chung-cu-xa-dong-hoi-prj-imperia-co-loa/chinh-thuc-nhan-booking-sieu-pham-duy-nhat-n-sot-lai-signature-3-toa-hh3-pr41914200
/ban-dat-duong-lien-phuong-phuong-phu-huu/chinh-chu-ban-lo-mat-tien-quan-9-tp-thu-duc-pr41913970
/ban-can-ho-chung-cu-duong-le-van-luong-xa-nhon-duc-prj-khai-hoan-prime/tang-1-cay-vang-khi-booking-som-truoc-thang-12-chi-voi-470tr-so-huu-ngay-an-prime-pr41905292
/ban-nha-rieng-duong-nguyen-van-qua-phuong-dong-hung-thuan-a/hot-hot-mat-tien-buon-ban-kinh-doanh-vi-tri-goc-2-mat-tien-dt-4-5-x-20-dang-cho-thue-17tr-1thg-pr41913844
/ban-nha-biet-thu-lien-ke-phuong-long-thanh-my-prj-vinhomes-grand-park/quan-ly-tat-ca-hang-ngop-gia-tot-pho-84m2-12-8t-96m2-15-2t-126m2-17t-144m2-19t-pr36542351
/ban-nha-biet-thu-lien-ke-duong-vo-chi-cong-phuong-phu-thuong-1-prj-kita-capital-ciputra/thang-11-mo-ban-phan-khu-bt02-dia-trung-hai-truc-tiep-cdt-da-xay-xong-n-ngay-pr41435941
/ban-can-ho-chung-cu-duong-tran-hung-dao-phuong-nai-hien-dong-prj-sun-symphony-residence/-cao-cap-sympny-gio-hang-gia-goc-cdt-group-giai-doan-1-tro-vay-nh-70-ls-0-pr41717625
/ban-can-ho-chung-cu-duong-n1-phuong-son-ky-prj-celadon-city/ro-hang-mua-truc-tiep-gamudaland-chiet-khau-thanh-toan-den-17-cam-ket-thue-4-nam-pr41817646
/ban-dat-duong-van-giang-thi-tran-van-giang/ban-nhanh-lo-gia-sieu-tot-vi-tri-ngoc-bo-long-hung-dien-tich-119-8m-pr41875618
/ban-shophouse-nha-pho-thuong-mai-duong-tran-hung-dao-phuong-nai-hien-dong-prj-sun-symphony-residence/mot-vai-can-vi-tri-dep-nhat-gia-tot-nhat-gd1-dau-tu-sinh-loi-ngay-ck-16-pr41913140
/ban-nha-biet-thu-lien-ke-xa-long-hung-prj-the-empire-vinhomes-ocean-park-2/cap-nhat-quy-can-chuyen-nhuong-gia-tot-nhat-tai-vhocp-2-3-lh-pr40153983
/ban-can-ho-chung-cu-duong-trung-van-phuong-trung-van-prj-toa-nha-intracom1-trung-van/chinh-chu-ban-96m-3-png-ngu-2-ve-sinh-gia-tot-tai-intracom-nhinh-5ty-pr41912890
/ban-can-ho-chung-cu-phuong-tay-mo-prj-vinhomes-smart-city/quy-chuyen-nhuong-studio-1-8-ty-2pn-3-3-ty-2pn-3-75-ty-3pn-4-5-ty-kdt-city-pr41912679
/ban-shophouse-nha-pho-thuong-mai-duong-tran-phu-thi-tran-thuong-tin-prj-him-lam-thuong-tin/so-do-cam-tay-chon-ngay-dep-so-huu-vinh-vien-ngay-nga-tu-to-nhat-pr41644638
/ban-can-ho-chung-cu-phuong-phuc-dong-prj-sunshine-green-iconic/chcc-long-bien-2pn-74m2-80m2-tu-5-9-ty-duplex-169m2-tu-14-ty-nhan-nha-o-ngay-don-tet-pr41708850
/ban-can-ho-chung-cu-phuong-long-thanh-my-prj-vinhomes-grand-park/chu-nha-gui-ban-lo-3pn-vinmes-gia-chi-2-85-ty-con-thuong-luong-pr41859071
/ban-can-ho-chung-cu-phuong-long-thanh-my-prj-vinhomes-grand-park/ban-nhanh-nhieu-ch-t2-2024-stu-1-2-ty-1pn-1-65-ty-2pn-1-9-ty-3pn-2-8-ty-lh-pr39141708
/ban-can-ho-chung-cu-pho-tran-quy-kien-phuong-binh-trung-tay-prj-diamond-island/chuyen-ban-dao-kim-cuong-tu-1-pn-den-5-pn-duplex-garden-pool-sky-villa-spuse-pr41204201
/ban-can-ho-chung-cu-duong-tran-hung-dao-phuong-nai-hien-dong-prj-sun-symphony-residence/doi-tac-chien-luoc-cua-group-goi-ban-05-xuat-ngoai-giao-sympny-gia-tot-nhat-thi-truong-pr40210965
/ban-can-ho-chung-cu-duong-pham-kiet-phuong-khue-my-prj-the-sang-residence/-cao-cap-mat-bien-so-huu-lau-dai-tai-da-nang-pr41753617
/ban-nha-biet-thu-lien-ke-duong-co-loa-xa-dong-hoi-prj-vinhomes-co-loa/nhung-meo-nho-khi-mua-o-khach-hang-nen-tranh-mua-vi-tri-xau-pr41911936
/ban-can-ho-chung-cu-phuong-long-thanh-my-prj-vinhomes-grand-park/ro-hang-ngop-q9-thich-hop-dau-tu-an-studio-1-2ty-1pn-1-7ty-2pn-1-99ty-pr31392615
/ban-can-ho-chung-cu-duong-le-van-luong-xa-nhon-duc-prj-khai-hoan-prime/chi-340tr-so-huu-ngay-cao-cap-2pn-2wc-noi-that-cao-cap-lien-ke-phu-my-hung-pr41906344
/ban-dat-duong-89-xa-tan-phu-trung/ban-ful-tho-cu-mt-89-x-gia-1ty5-100m2-g-5-chi-vang-sjc-shr-bank-70-pr41911770
/ban-can-ho-chung-cu-duong-dai-lo-vong-cung-phuong-thu-thiem-prj-the-opera-residence/truong-bo-phan-chuyen-nhuong-metropole-cap-nhat-1pn-7-ty-2pn-13-ty-3pn-19-4-ty-pr41906618
/ban-dat-nen-du-an-duong-nguyen-thi-minh-khai-phuong-dong-tien-prj-tan-duc-central-park/cdt-t-c-ra-hg-10-ca-nha-pho-uu-dai-vi-tri-dep-gia-csbh-tot-nhat-t-c-park-pr41883407
/ban-can-ho-chung-cu-duong-nguyen-van-giap-phuong-cau-dien-prj-hoang-thanh-pearl/-ban-gap-goc-tang-trung-truc-08-3pn-2wc-nam-tu-liem-ha-noi-pr41908766
/ban-nha-biet-thu-lien-ke-phuong-la-khe-prj-khu-do-thi-van-khe/chinh-chu-ban-gia-18-ty-vnd-dien-tich-82-5-m2-ha-dong-pr41244959
/ban-shophouse-nha-pho-thuong-mai-duong-sao-bien-xa-duong-xa-prj-vinhomes-ocean-park-gia-lam/can-ban-23-20-35-ty-vnd-tai-lam-pr41255488
/ban-nha-rieng-duong-quang-lam-phuong-phu-lam-1/chinh-chu-ban-dang-o-tai-quan-ha-dong-pr41910257
/ban-can-ho-chung-cu-duong-vo-van-kiet-phuong-an-lac-6-prj-akari-city-nam-long/-50-nhan-nha-o-ngay-chiet-khau-hap-dan-tro-lai-suat-0-18th-pkd-pr41687378
/ban-can-ho-chung-cu-duong-mai-chi-tho-phuong-thu-thiem-prj-empire-city-thu-thiem/nam-full-gio-hang-dang-ban-tai-1pn-2pn-3pn-4pn-moi-nhat-cam-ket-gia-re-nhat-thi-truong-pr40887543
/ban-nha-biet-thu-lien-ke-duong-truong-sa-xa-dong-hoi-prj-vinhomes-co-loa/ban-duy-nhat-shophouse-thien-nga-khu-tinh-hoa-doi-dien-chung-cu-dang-xay-gia-chi-2x-ty-pr41909070
/ban-can-ho-chung-cu-duong-so-6-phuong-hiep-binh-phuoc-prj-urban-green/chu-ra-gap-2pn-cat-lo-200-tr-gia-giai-doan-1-ban-giao-full-noi-that-call-nham-pr41728813
/ban-can-ho-chung-cu-duong-so-6-phuong-hiep-binh-phuoc-prj-urban-green/-gio-hang-cdt-t12-2024-ck-giam-toi-14-tang-200-550tr-tang-pql-2-nam-30-nhan-nha-pr41907157
/ban-can-ho-chung-cu-duong-ho-tung-mau-phuong-phu-dien-prj-goldmark-city/ban-cat-lo-gia-tot-tai-gmc-tu-45-tr-m2-169m2-gia-7-ty-130m2-6-6-ty-114m2-6-ty-tro-vay-80-pr40907957
/ban-can-ho-chung-cu-duong-le-van-luong-xa-nhon-duc-prj-khai-hoan-prime/-2-phong-ngu-2-wc-67m2-thanh-toan-chi-20-nhan-nha-pr41864623
/ban-nha-biet-thu-lien-ke-xa-tan-hoi-7-prj-vinhomes-wonder-park/nong-nhat-thi-truong-vinhome-nhan-booking-dot-1-dan-phuong-truc-tiep-chu-dau-tu-pr41598576
/ban-can-ho-chung-cu-duong-so-6-phuong-hiep-binh-phuoc-prj-urban-green/chi-1-duy-nhat-2pn-83m2-gia-5ty1-mua-tu-cdt-view-boi-tt-1ty680-nhan-nha-2-nam-kng-dong-tie-pr41827721
/ban-nha-biet-thu-lien-ke-duong-nguyen-tat-thanh-phuong-cam-nghia-prj-song-town/ban-2-tang-chi-6-9-ty-toan-690-trieu-n-o-ngay-san-bay-pr41909169
/ban-can-ho-chung-cu-duong-le-van-duyet-phuong-nai-hien-dong-prj-peninsula-da-nang/-so-huu-view-trieu-do-tan-huong-tron-ven-nhip-song-pn-a-chi-voi-2-4-ty-pr41779131
/ban-nha-biet-thu-lien-ke-duong-nguyen-tat-thanh-phuong-cam-nghia-prj-song-town/tang-1-cay-vang-9999-cho-5-kh-dau-tien-pho-bien-ranh-3-tang-full-noi-that-pr41870869
/ban-nha-biet-thu-lien-ke-xa-long-hung-prj-the-empire-vinhomes-ocean-park-2/ban-nh-can-5-tang-hoan-thien-56m2-n-don-tet-luon-re-t-phan-khu-dao-dua-vhop2-pr41874228
/ban-can-ho-chung-cu-duong-truong-sa-phuong-hoa-hai-prj-newtown-diamond-da-nang/sieu-pham-2-pn-huong-thang-bai-bien-my-khe-tai-diamond-pr41908681
/ban-nha-biet-thu-lien-ke-xa-long-hung-prj-the-empire-vinhomes-ocean-park-2/gia-dinh-noc-kich-tran-12-2024-quy-cn-co-xanh-sao-bien-hai-au-cha-la-dien-tich-48m2-63m2-pr41870077
/ban-can-ho-chung-cu-duong-truong-sa-phuong-hoa-hai-prj-newtown-diamond-da-nang/sieu-hot-hoi-ng-cap-gioi-bds-phai-thot-len-con-deal-nao-hon-deal-nha-newtow-nang-pr41908633
/ban-can-ho-chung-cu-duong-truong-sa-phuong-hoa-hai-prj-newtown-diamond-da-nang/gui-uu-i-hot-tu-du-an-den-troi-dong-ha-noi-pr41908593
/ban-can-ho-chung-cu-phuong-long-thanh-my-prj-the-beverly-vinhomes-grand-park/-stu-1-95-ty-1pn-3-ty-2pn-4-ty-3pn-6-7-ty-xem-nha-thuc-te-lh-pr41019446
/ban-nha-biet-thu-lien-ke-xa-yen-binh-4-prj-ha-noi-tropical-garden/truc-tiep-cdt-ban-mat-suoi-xanh-villas-2-mien-lai-18tng-so-do-pr41735955
/ban-nha-mat-pho-duong-thang-long-1-phuong-4-20/ban-gap-tien-so-11-15c-p-4-quan-tan-binh-dt-8-2x24m-5-tang-gan-san-bay-pr41907754
/ban-can-ho-chung-cu-duong-quoc-lo-5b-xa-da-ton-prj-masteri-waterfront/ban-2-phong-ngu-gia-tot-nhat-du-an-water-front-qua-tang-noi-that-len-toi-50tr-pr41907711
/ban-can-ho-chung-cu-duong-truong-sa-phuong-hoa-hai-prj-newtown-diamond-da-nang/gia-mem-nhat-tiem-lon-de-thanh-khoan-pr41907620
/ban-nha-biet-thu-lien-ke-duong-co-loa-xa-dong-hoi-prj-vinhomes-co-loa/-global-gate-thanh-pho-dang-cap-quoc-te-pr41215581
/ban-nha-biet-thu-lien-ke-xa-nghia-tru-prj-the-crown-vinhomes-ocean-park-3/ban-shop-anh-duong-ap-goc-54m2-gia-7-8-ty-view-bien-da-hoan-thien-5-tang-thang-may-pr41781230
/ban-can-ho-chung-cu-duong-tran-duy-hung-phuong-trung-hoa-4-prj-vinhomes-d-capitale/quy-2pn-va-3pn-doc-quyen-nha-sieu-dep-gia-sieu-tot-du-an-dcapitale-pr32597757
/ban-nha-rieng-duong-so-49-phuong-tan-quy/sieu-hap-dan-voi-110m2-ngan-5m5x20m-dat-mat-tien-49-p-quan-7-chi-9-7-tl-pr41907379
/ban-can-ho-chung-cu-duong-le-van-luong-phuong-nhan-chinh-prj-the-diamond-residence/mo-ban-quy-moi-nhat-3pn-va-4pn-goc-hoa-hau-vip-dep-nhat-du-an-dien-tich-145m2-202m2-pr40665388
/ban-can-ho-chung-cu-duong-bang-liet-phuong-hoang-liet-prj-ha-noi-melody-residences/doc-quyen-quy-gia-re-ky-truc-tiep-cdt-gia-chi-53tr-m2-view-khu-view-dep-pr41461905
/ban-dat-nen-du-an-duong-47-2-phuong-dong-tien-prj-tan-duc-central-park/ban-suat-ngoai-giao-kdt-uu-dai-chiet-khau-tot-nhat-thi-truong-pr41906723
/ban-nha-biet-thu-lien-ke-xa-long-hung-prj-the-empire-vinhomes-ocean-park-2/duy-nhat-5-can-dao-dua-huong-chinh-sach-t10-ck-25-tang-16-chi-vang-voucher-khung-200tr-pr41330514
/ban-can-ho-chung-cu-duong-le-van-luong-xa-nhon-duc-prj-khai-hoan-prime/ban-gap-2pn-67m2-tai-an-3-3-ty-nha-be-hcm-pr41906354
/ban-nha-biet-thu-lien-ke-duong-nguyen-tat-thanh-phuong-cam-nghia-prj-song-town/gio-hang-doc-quyen-2-can-goc-view-san-golf-gia-goc-uu-dai-chiet-khau-23-8-tang-ngay-500-trieu-pr41905938
/ban-can-ho-chung-cu-phuong-tay-mo-prj-vinhomes-smart-city/ban-cat-lo-studio-gia-1-9-ty-va-danh-sach-gom-cac-studio-gia-dot-bien-cua-vin-smart-pr41905807
/ban-can-ho-chung-cu-phuong-phuc-dong-prj-sunshine-green-iconic/chuyen-nhuong-gia-tot-danh-cho-khach-o-thuc-nguyen-anh-linh-pr41905713
/ban-nha-biet-thu-lien-ke-xa-long-hung-prj-the-empire-vinhomes-ocean-park-2/sieu-pham-dau-tu-hai-mat-tien-doi-dien-chung-cu-chi-22-ty-120m2-lh-pr41872109
/ban-can-ho-chung-cu-duong-xa-lo-ha-noi-phuong-an-phu-prj-lumiere-riverside/-em-chuyen-san-nhung-gia-goc-cat-52m2-4-9ty-77m2-6-2ty-101m2-10ty-pr40982386
/ban-can-ho-chung-cu-duong-dien-bien-phu-phuong-22-prj-vinhomes-central-park/-ban-nhieu-1-2-3-4pn-gia-re-nhat-thi-truong-da-co-so-hong-0901511155-pr28735543
/ban-nha-biet-thu-lien-ke-duong-to-huu-phuong-duong-noi-prj-solasta-mansion-duong-noi/cdt-nam-cuong-mo-ban-day-s01-doi-dien-chung-cu-mat-30m-vay-mien-lai-3-nam-chiet-khau-12-pr41726769
/ban-nha-biet-thu-lien-ke-xa-duong-xa-prj-vinhomes-ocean-park-gia-lam/ap-goc-view-ho-1-trong-nhung-can-dep-nhat-tot-tai-lh-pr40465470
/ban-can-ho-chung-cu-duong-dien-bien-phu-phuong-22-prj-vinhomes-central-park/ban-1-2-3-4-5-png-ngu-sky-vila-du-an-vinmes-mien-phi-dv-thue-15tr-so-do-pr41789719
/ban-nha-biet-thu-lien-ke-duong-le-trong-tan-phuong-duong-noi-prj-khu-do-thi-geleximco-le-trong-tan/chuyen-nhuong-geximco-quy-can-da-dang-dien-tich-tu-60m2-240m2-pr41885004
/ban-can-ho-chung-cu-pho-phung-hung-1-phuong-phuc-la-prj-khu-do-thi-moi-xa-la/ban-83m2-3pn-2wc-kdt-xala-ha-dong-noi-that-thiet-ke-va-sua-lai-an-toan-pr41714540
/ban-can-ho-chung-cu-duong-dien-bien-phu-phuong-22-prj-vinhomes-central-park/ban-vinmes-landmark-81-gia-tot-nhat-1-2-3-4-pn-penuse-lh-pr38753950
/ban-nha-biet-thu-lien-ke-duong-nguyen-tat-thanh-phuong-cam-nghia-prj-song-town/can-goc-hy-lap-voi-tam-nhin-san-golf-khong-chenh-chiet-khau-hon-2-ty-tang-them-500tr-pr41884699
/ban-can-ho-chung-cu-duong-tran-duy-hung-phuong-trung-hoa-4-prj-vinhomes-d-capitale/-gia-mem-soha-land-cap-nhat-quy-ban-1pn-2pn-3pn-vinmes-dcapitale-hung-pr41884424
/ban-nha-biet-thu-lien-ke-duong-to-huu-phuong-duong-noi-prj-solasta-mansion-duong-noi/cdt-nam-cuong-mo-ban-dot-1-day-chan-chung-cu-30m-chiet-khau-14-mien-goc-lai-3-nam-pr41735036
/ban-nha-biet-thu-lien-ke-xa-duong-xa-prj-vinhomes-ocean-park-gia-lam/can-ban-can-xe-khe-5-tang-mat-tien-7m-dong-nam-gan-lon-canh-2-congvien-tai-city-pr40883703
/ban-can-ho-chung-cu-duong-nguyen-huu-canh-phuong-10-11-prj-vung-tau-centre-point/mo-ban-dot-oi-uu-dai-chiet-khau-14-lh-pr39296515
/ban-can-ho-chung-cu-duong-mai-chi-tho-phuong-thu-thiem-prj-empire-city-thu-thiem/-cap-nhat-moi-nhat-gia-tot-chenh-thap-3pn-gia-18-5-ty-2pn-view-bitexco-11-5-ty-pr39044720
/ban-dat-duong-phan-xich-long-phuong-2-21/ban-lo-vi-tri-sieu-dep-khu-vip-vuong-vuc-172m2-so-hong-chinh-chu-pr41684668
/ban-can-ho-chung-cu-phuong-long-thanh-my-prj-the-beverly-vinhomes-grand-park/cam-ket-gio-hang-re-nhat-tang-xe-vf3-ck-14-tang-noi-that-540tr-3-suat-hoc-vinshool-pr41727739
/ban-nha-biet-thu-lien-ke-duong-co-loa-xa-dong-hoi-prj-vinhomes-co-loa/-nen-mua-vi-tri-nao-thang-chac-85m2-thien-nga-1-gia-27-5-ty-pr41883706
/ban-can-ho-chung-cu-duong-dang-thai-mai-phuong-quang-an-2-prj-d-le-roi-soleil/top-1-dep-nhat-du-111m2-view-tay-dep-nhat-du-con-duy-nhat-1-pr39696414
/ban-can-ho-chung-cu-pho-ton-duc-thang-phuong-ben-nghe-prj-vinhomes-golden-river-ba-son/ban-re-nhat-thi-truong-2-phong-ngu-7-5ty-3-phong-ngu-15ty-4phong-ngu-26ty-6-phong-ngu-48ty-pr40654109
/ban-nha-biet-thu-lien-ke-duong-le-trong-tan-phuong-phu-la-prj-khu-do-thi-moi-van-phu/hang-hot-ban-gap-ha-ng-ha-noi-pr41879800
/ban-dat-duong-dt-749a-xa-long-nguyen/hang-hiem-giam-tu-45-ty-con-40-ty-cho-lo-mt-dt749a-co-chieu-ngang-50-met-co-san-2400m2-tho-cu-pr41882571
/ban-nha-biet-thu-lien-ke-duong-co-loa-xa-dong-hoi-prj-vinhomes-co-loa/can-goc-2-mt-truc-chinh-30m-doi-dien-vincom-va-grandworld-dt-106-1m2-huong-db-va-tb-gia-31-4-ty-pr41882276
/ban-can-ho-chung-cu-phuong-long-thanh-my-prj-vinhomes-grand-park/chinh-chu-ban-gap-vinmes-quan-9-goc-2pn-dt-69m2-gia-2-530ty-tang-noi-that-pr40779320
/ban-can-ho-chung-cu-xa-duong-xa-prj-vinhomes-ocean-park-gia-lam/thanh-trung-group-quy-chinh-chu-gui-ban-phap-ly-ro-rang-p-ly-nhat-pr39722407
/ban-can-ho-chung-cu-duong-mai-chi-tho-phuong-thu-thiem-prj-empire-city-thu-thiem/top-ch-bantot-nhat-thi-truong-1pn-7-5-ty-2pn-11-5-ty-3pn-19-ty-lh-pr41386283
/ban-nha-biet-thu-lien-ke-duong-co-loa-xa-dong-hoi-prj-vinhomes-co-loa/quy-hang-doc-quyen-cac-can-vi-tri-dep-gan-chung-cu-ng-vien-tai-loa-pr41740689
/ban-dat-duong-quoc-lo-13-phuong-hung-long/ket-von-nen-ban-le-4-tong-1200m2-tho-cu-chi-voi-195-trieu-shr-cach-kcn-700m-dan-cu-dong-duc-pr37577402
/ban-can-ho-chung-cu-pho-lang-ha-phuong-lang-ha-prj-green-diamond-93-lang-ha/quy-chuyen-nhuong-tu-1-2-3-4-phong-san-so-do-cap-nhat-lien-tuc-tai-93-ha-pr41857866
/ban-nha-biet-thu-lien-ke-duong-lien-phuong-phuong-phu-huu-2-prj-verosa-park-khang-dien/ban-nhanh-1-so-can-quan-9-5x15-gia-11-ty-6x18-gia-12-5-ty-5x23-gia-14-pr36883816
/ban-shophouse-nha-pho-thuong-mai-duong-nguyen-tat-thanh-phuong-cam-nghia-prj-song-town/-bien-caraworld-ranh-so-huu-lau-dai-chiet-khau-23-8-chi-tu-7ty-pr41702109
/ban-can-ho-chung-cu-pho-ton-duc-thang-phuong-ben-nghe-prj-vinhomes-golden-river-ba-son/gio-hang-chuyen-nhuong-vinmes-bason-nhung-gia-tot-5-pr33734356
/ban-can-ho-chung-cu-duong-dai-lo-vong-cung-phuong-thu-thiem-prj-the-opera-residence/hot-deal-gia-re-gianh-cho-nha-dau-tu-1pn-10-5-ty-2pn-12-8-ty-3pn-25-ty-4pn-49-ty-pr40164592
/ban-can-ho-chung-cu-duong-dai-lo-vong-cung-phuong-thu-thiem-prj-the-opera-residence/hot-ban-truc-3pn-dep-nhat-so-huu-vinh-vien-view-bitexco-toan-canh-song-sg-pr41586438
/ban-can-ho-chung-cu-pho-lang-ha-phuong-lang-ha-prj-green-diamond-93-lang-ha/quy-chuyen-nhuong-phong-phu-nhat-thi-truong-tu-1pn-2pn-3pn-4pn-so-do-trao-tay-pr40394259
/ban-nha-biet-thu-lien-ke-xa-thanh-lam-3-prj-hud-me-linh-central/quy-ngoai-giao-giai-doan-1-2-gia-goc-cdt-vao-tien-tien-do-nhht-70-pr41879849
/ban-can-ho-chung-cu-phuong-yen-nghia-1-prj-chung-cu-ct4-yen-nghia/-78-75-m2-2-ngu-2-ve-sinh-tang-trung-ban-cong-dong-nam-lh-chi-hu-pr41879734
/ban-can-ho-chung-cu-duong-nguyen-tuan-phuong-nhan-chinh/-chu-sang-nhuong-suat-ky-hd-truc-tiep-gia-c-ky-huu-nghi-duoi-6-ty-sieu-dep-pr41879703
/ban-can-ho-chung-cu-duong-vo-van-kiet-phuong-16-1-prj-city-gate-towers/ban-goc-b2-10-09-c-c-q8-dien-tich-73m2-tang-10-goc-view-ngay-cong-vien-boi-pr41507298
/ban-can-ho-chung-cu-duong-dao-tri-phuong-phu-thuan-3-prj-q7-saigon-riverside/phong-kd-ban-2pn2wc-2-65-ty-view-dep-gia-linh-hoat-gap-chu-nha-truc-tiep-pr41071494
/ban-nha-biet-thu-lien-ke-xa-long-hung-prj-the-empire-vinhomes-ocean-park-2/-dao-phan-khu-khep-kin-63m-pr41860979
/ban-nha-biet-thu-lien-ke-duong-dai-duong-xa-long-hung-prj-the-empire-vinhomes-ocean-park-2/cha-la-58-5m2-san-so-san-dong-tien-20tr-thang-gia-7-x-ty-pr41860110
/ban-can-ho-chung-cu-duong-nguyen-trai-phuong-nguyen-cu-trinh-prj-lancaster-legacy/-nhan-booking-39-tang-dep-view-bitexco-cv-23-09-tien-ich-5-tang-tttm-pr41879108
/ban-can-ho-chung-cu-phuong-binh-trung-tay-prj-diamond-island/full-gio-hang-dao-kim-cuong-quan-2-tu-1-4pn-duplex-pentuse-pool-villa-garden-villa-pr40844248
/ban-can-ho-chung-cu-duong-tran-hung-dao-phuong-nai-hien-dong-prj-sun-symphony-residence/-panaroma-view-song-han-tuyet-dep-view-bien-tang-cao-gia-chiet-khau-sau-nhat-tu-chu-dau-tu-pr41878563
/ban-dat-xa-phu-man/toi-co-xuat-ngoai-giao-lo-bt-goc-3-mat-tien-view-cuc-dep-tt-hoa-lac-gia-dau-tu-nhinh-2ty-mt10m-pr41525437
/ban-dat-duong-d22-phuong-an-phu-2/ban-nha-947-5m2-co-2-mat-tien-dac-dia-nhat-khu-dan-cu-vietnam-singapore-46-ty-thuong-luong-pr41628047
/ban-dat-duong-ly-thai-to-xa-loc-quang/chinh-chu-can-ban-giam-50-khu-nghi-cao-cap-ben-canh-thac-dambri-bao-loi-ngay-x2-pr41451810
/ban-can-ho-chung-cu-duong-dai-lo-vong-cung-phuong-thu-thiem-prj-the-opera-residence/ban-2-phong-ngu-toa-a-gia-19-5-ty-tang-cao-view-bitexco-phao-hoa-vinh-vien-khong-chan-pr40146016
/ban-nha-biet-thu-lien-ke-duong-co-loa-xa-dong-hoi-prj-vinhomes-co-loa/doc-quyen-tn1-110-85m-mt-5m-doi-dien-chung-cu-masterise-vs-van-phong-45t-pr41877369
/ban-can-ho-chung-cu-phuong-long-thanh-my-prj-vinhomes-grand-park/-toan-680trieu-nhan-nha-o-ngay-13-suat-ngoai-giao-duy-nhat-gio-hang-cdt-pr41837107
/ban-nha-mat-pho-duong-le-trong-tan-phuong-phu-la-prj-khu-do-thi-moi-van-phu/ban-dep-tai-kdt-khe-so-huu-ngay-to-am-hoan-hao-pr41620276
/ban-can-ho-chung-cu-duong-xa-lo-ha-noi-phuong-an-phu-prj-lumiere-riverside/chuyen-ban-tu-1-pn-den-5-pn-duplex-pentuse-gia-tot-nhat-pr41180142
/ban-nha-biet-thu-lien-ke-duong-nghiem-xuan-yem-phuong-dai-kim-prj-the-manor-central-park/cdt-bitexco-mo-ban-block-19-dep-nhat-vay-mien-lai-3-nam-chiet-khau-21-uu-dot-1-pr41588249
/ban-nha-biet-thu-lien-ke-xa-long-hung-prj-the-empire-vinhomes-ocean-park-2/quy-can-doc-quyen-chiet-khau-tu-18-25-so-do-lau-dai-gia-tot-nhat-thi-truong-pr40424002
/ban-can-ho-chung-cu-duong-vo-van-kiet-phuong-an-lac-6-prj-akari-city-nam-long/thanh-ly-50-mua-truc-tiep-cdt-gia-chi-tu-2-650-3-250-ty-2pn-4-3-ty-3pn-pr41714149
/ban-can-ho-chung-cu-phuong-tay-mo-prj-vinhomes-smart-city/toi-ban-cat-lo-1-ngu-do-dau-tu-nhung-bay-gio-thi-truong-e-am-ban-thu-i-von-vin-smart-pr41876733
/ban-can-ho-chung-cu-duong-nguyen-huu-canh-phuong-nguyen-an-ninh-prj-vung-tau-centre-point/-10-suat-duy-nhat-chiet-khau-20-nhan-nha-quy-ii-2025-full-noi-that-cao-cap-pr41732887
/ban-nha-mat-pho-duong-truong-dinh-phuong-tan-mai-2/ban-moi-xay-vip-bo-song-set-nga-tu-kim-dong-35m-12-5-ty-co-ra-loc-pr41876314
/ban-can-ho-chung-cu-duong-vo-nguyen-giap-phuong-an-phu-prj-lumiere-riverside/tin-gia-that-em-hiep-chuyen-mua-ban-quan-2-pr41007787
/ban-can-ho-chung-cu-duong-xa-lo-ha-noi-phuong-thao-dien-prj-masteri-thao-dien/chuyen-ban-quan-2-1pn-gia-4-1-ty-2pn-gia-5-2-ty-3pn-gia-7-2-ty-pr41086783
/ban-can-ho-chung-cu-duong-n1-phuong-son-ky-prj-celadon-city/em-chuyen-du-an-cap-nhap-tat-ca-gio-hang-gia-tot-1pn-3pn-thang-11-2024-pr41429619
/ban-can-ho-chung-cu-duong-quoc-lo-1a-xa-my-yen-prj-destino-centro/quy-studio-1pn-2pn-chinh-chu-view-dep-phap-ly-ro-rang-gia-re-nhat-da-tai-centro-pr41746007
/ban-dat-xa-xuan-tay/ban-lo-lo-ap-3-cam-my-dong-nai-chinh-chu-khong-qua-trung-gian-pr40957857
/ban-nha-biet-thu-lien-ke-xa-duong-xa-prj-vinhomes-ocean-park-gia-lam/doc-quyen-quy-can-de-o-vinhome-hang-chinh-chu-thap-nhat-thi-truong-pr40813376
/ban-shophouse-nha-pho-thuong-mai-thi-tran-tan-thanh-prj-tan-thanh-elite-city/dat-nen-kdt-kieu-mau-ha-nam-so-do-trao-tay-gia-chi-tu-14-trieu-m2-pr41131388
/ban-nha-biet-thu-lien-ke-phuong-phu-thuong-1-prj-kita-capital-ciputra/truc-tiep-cdt-ban-bt-4-tang-1-ham-da-co-so-n-ngay-gia-chi-tu-327tr-m2-kdt-tay-ho-pr41064126
/ban-can-ho-chung-cu-duong-nguyen-trai-phuong-nguyen-cu-trinh-prj-lancaster-legacy/-quan-1-mat-tien-chi-50-suat-mo-ban-chiet-khau-12-giao-nha-6-2025-pr41875170
/ban-dat-xa-minh-tri/ban-tho-cu-co-so-do-dt-tu-100-5000m-gan-khu-du-lich-ho-dong-do-soc-son-hn-pr39441666
/ban-can-ho-chung-cu-duong-lac-long-quan-phuong-phu-thuong-1-prj-heritage-west-lake/duy-nhat-4pn-180m2-677-view-tay-so-huu-lau-dai-cuc-dep-pr40969029
/ban-can-ho-chung-cu-duong-tran-bach-dang-phuong-an-khanh-prj-the-river-thu-thiem/chinh-chu-gui-ban-nhieu-1pn-2pn-3pn-4pn-pent-gia-chi-tu-18ty-3pn-co-so-hong-tai-river-pr41525629
/ban-can-ho-chung-cu-duong-xuan-dieu-phuong-quang-an-2-prj-d-le-roi-soleil/quy-hg-so-cap-cdt-va-thu-cap-cuoi-cung-cua-du-dleroi-59-tay-ho-pr41874917
/ban-can-ho-chung-cu-duong-n1-phuong-son-ky-prj-celadon-city/gio-hang-cdt-uu-dai-17-gia-tot-nhat-nhan-nha-o-ngay-an-han-goc-lai-24-thang-pr41646752
/ban-nha-rieng-duong-12-phuong-hiep-binh-phuoc/-dep-moi-xay-ql13-thu-duc-02-mat-view-hiem-co-giam-gia-manh-dip-cuoi-nam-tet-pr41874542
/ban-nha-biet-thu-lien-ke-phuong-phu-thuong-1-prj-kita-capital-ciputra/chi-328-trieu-m2-so-huu-vi-tri-dac-dia-ngay-vo-chi-cong-lotte-sieu-cong-vien-pr41691893
/ban-nha-mat-pho-duong-ve-ho-phuong-xuan-la/chinh-chu-ban-rieng-tay-pr41864458
/ban-nha-biet-thu-lien-ke-xa-duong-xa-prj-vinhomes-ocean-park-gia-lam/-1-2-3-mo-ban-quy-can-vip-dau-tu-tot-nhat-toan-thi-truong-pr41808213
/ban-nha-biet-thu-lien-ke-duong-co-loa-xa-dong-hoi-prj-vinhomes-co-loa/ban-can-goc-3-mat-tien-dep-nhat-gia-tot-nhat-loa-pr41430999
/ban-nha-biet-thu-lien-ke-xa-long-hung-prj-the-empire-vinhomes-ocean-park-2/chiet-khau-6-ty-kd5-84m2-mat-tien-7m-sat-tttm-vincom-san-noi-that-sieu-re-14-6-ty-pr41736244
/ban-can-ho-chung-cu-duong-32-xa-di-trach-prj-chung-cu-the-wisteria/cap-nhat-quy-tang-moi-doc-quyen-tu-chu-dau-tu-ck-len-den-1-ty-vay-lai-suat-0-pr41854778
/ban-nha-biet-thu-lien-ke-duong-dai-lo-thang-long-xa-tien-xuan-prj-xanh-villas/lam-viec-voi-tho-dia-chi-co-lai-it-lai-nhieu-hoac-lai-rat-nhieu-toan-broker-pr41872676
/ban-nha-biet-thu-lien-ke-duong-nguyen-tat-thanh-phuong-cam-nghia-prj-song-town/ngoai-giao-can-goc-phan-khu-hy-lap-ma-roc-he-ngay-de-nhan-duoc-uu-dai-500tr-tien-mat-pr41871274
/ban-dat-duong-phuc-tien-xa-binh-yen-1/ban-tai-thach-that-ha-noi-1-648-trieu-67-3-m2-chinh-chu-hot-pr41871322
/ban-shophouse-nha-pho-thuong-mai-duong-truong-sa-xa-dong-hoi-prj-vinhomes-co-loa/ban-duy-nhat-thien-nga-1-tn1-khu-tinh-hoa-doi-dien-chung-cu-dang-xay-gia-chua-den-30-ty-pr41868868
/ban-can-ho-chung-cu-duong-ly-thanh-tong-xa-da-ton-prj-the-paris-vinhomes-ocean-park/hang-hiem-quy-ngoai-giao-booking-som-nhan-ngay-ck-12-pr41766080
/ban-shophouse-nha-pho-thuong-mai-phuong-tay-mo-prj-vinhomes-smart-city/ban-sieu-hoi-tai-gia-cuc-chat-11-ty-vnd-67m2-pr41355134
/ban-can-ho-chung-cu-duong-32-xa-di-trach-prj-chung-cu-the-wisteria/mua-hang-truc-tiep-tu-cdt-goc-4pn-dual-key-tro-vay-65-lai-suat-0-pr40873685
/ban-can-ho-chung-cu-duong-le-van-luong-xa-nhon-duc-prj-khai-hoan-prime/ban-cc-62m2-3-3-ty-o-nha-be-hcm-pr41870993
/ban-can-ho-chung-cu-phuong-long-thanh-my-prj-vinhomes-grand-park/cap-nhat-t11-2024-ban-lo-studio-1-5-ty-1pn-1-9-ty-2pn-2-4-ty-3pn-2-9-ty-pr41382388
/ban-shophouse-nha-pho-thuong-mai-duong-co-loa-xa-dong-hoi-prj-vinhomes-co-loa/ban-dep-xuat-sac-tai-20-8-ty-62-5m2-doi-dien-ng-vien-va-trung-tam-tm-pr41869437
/ban-can-ho-chung-cu-duong-bang-liet-phuong-hoang-liet-prj-ha-noi-melody-residences/-2-ngu-74m2-huong-dong-nam-gia-dep-nhat-tai-du-an-hanoi-chiet-khau-9-pr41651197
/ban-nha-biet-thu-lien-ke-xa-long-hung-prj-the-empire-vinhomes-ocean-park-2/chinh-chu-ban-can-shophouse-kinh-do-8-68-tai-du-an-2-empire-pr37763808
/ban-can-ho-chung-cu-duong-dao-tri-phuong-phu-thuan-3-prj-q7-saigon-riverside/ha-thanh-chuyen-ban-sg-chi-dang-gia-that-san-the-xem-nha-24-7-lh-pr41614876
/ban-nha-biet-thu-lien-ke-xa-tan-hoi-7-prj-vinhomes-wonder-park/chinh-thuc-thap-tang-dan-phuong-dien-tich-tu-72m2-den-474m2-lh-phong-kd-nhan-thong-tin-pr41790824
/ban-can-ho-chung-cu-xa-da-ton-prj-the-sapphire-2-vinhomes-ocean-park/chinh-chu-ban-2n-2wc-goc-full-do-tai-ocenpark-pr41868768
/ban-nha-biet-thu-lien-ke-xa-duong-xa-prj-vinhomes-ocean-park-gia-lam/m-cat-lo-quy-can-song-lap-150m2-view-ho-24-5ha-gan-tttm-vincom-23-ty-san-so-do-pr41722745
/ban-nha-biet-thu-lien-ke-duong-co-loa-xa-dong-hoi-prj-vinhomes-co-loa/ban-5-tang-bt-tai-14-34-ty-qua-tang-250tr-htls-36-thang-lh-pr41792055
/ban-nha-biet-thu-lien-ke-xa-nghia-tru-prj-the-crown-vinhomes-ocean-park-3/can-khu-anh-duong-54m2-gia-nhinh-7-ty-lh-pr41867233
/ban-nha-biet-thu-lien-ke-duong-co-loa-xa-dong-hoi-prj-vinhomes-co-loa/hang-song-lap-doi-dien-vuon-hoa-vimhomes-chinh-sach-20-12-2024-lh-pr41867006
/ban-can-ho-chung-cu-xa-duong-xa-prj-vinhomes-ocean-park-gia-lam/cdt-mo-ban-3pn-co-chiet-khau-early-bird-7-12-chi-5-2-ty-58-tr-m2-re-nhat-metropoitan-pr41866816
/ban-nha-biet-thu-lien-ke-xa-tan-hoi-7-prj-vinhomes-wonder-park/thong-tin-quy-hang-vin-dan-phuong-dien-tich-72-112m2-khu-gan-tien-ich-truong-hoc-va-cong-vien-pr41866782
/ban-nha-biet-thu-lien-ke-duong-lac-long-quan-phuong-phu-thuong-1/ban-5-tang-vuon-dao-tay-ho-vo-chi-cong-340m2-noi-that-cao-cap-thang-may-xin-be-boi-pr41866759
/ban-shophouse-nha-pho-thuong-mai-xa-duong-xa-prj-vinhomes-ocean-park-gia-lam/ban-sao-bien-23171-hoan-thien-5-tang-cau-thang-may-dt-67-5m-lhcc-a-tuan-pr41866723
/ban-dat-thi-tran-lai-uyen/-ngop-chinh-chu-mat-tien-dac-dia-cat-lo-pr41865979
/ban-can-ho-chung-cu-duong-xa-lo-ha-noi-phuong-thao-dien-prj-masteri-thao-dien/chuyen-chuyen-nhuong-ch-re-hon-300tr-so-voi-thi-truong-so-hong-lh-0906574444-pr30328124
/ban-can-ho-chung-cu-xa-da-ton-prj-the-paris-vinhomes-ocean-park/booking-chon-dep-gia-tot-toa-6-quy-20-doc-quyen-gia-tot-nhat-pr41675642
/ban-dat-thi-tran-tran-cao/chinh-chu-can-gap-ban-tai-phu-cu-hung-yen-gia-tot-chi-voi-2-35-ty-120m2-pr41865550
/ban-dat-duong-so-9-phuong-phu-hoa/ban-chinh-chu-9-truc-chinh-thu-dau-mot-vi-tri-vang-dau-tu-sinh-loi-cao-pr41763866
/ban-can-ho-chung-cu-thi-tran-trau-quy-prj-masteri-lakeside/-tu-1pn-2pn-3pn-view-dep-nhat-chiet-khau-len-den-15-3-pr41865332
/ban-can-ho-chung-cu-duong-nguyen-tuan-phuong-thanh-xuan-trung-prj-viha-complex/-3pn-sieu-vip-gia-sieu-hoi-qua-tang-3xxtr-mien-lai-suat-12-thang-lien-he-ngay-qua-tang-co-han-pr41865269
/ban-can-ho-chung-cu-duong-truong-sa-xa-dong-hoi-prj-masteri-grand-avenue/masterise-tai-vinhomes-co-loa-duy-nhat-1-1pn-dt-40m2-gia-3-4ty-htls-80-0d-den-4-2028-pr41685793
/ban-can-ho-chung-cu-duong-le-van-luong-xa-nhon-duc-prj-khai-hoan-prime/-lien-ke-pmh-gia-520tr-2pn-1wc-ntcb-pr41863370
/ban-nha-biet-thu-lien-ke-duong-n-phuong-tan-phong-9-prj-my-giang/-giag-goc-2-mat-tie-phu-hug-gia-75-ty-em-truc-091463137-pr41863011
/ban-nha-mat-pho-duong-van-quan-phuong-van-quan/ban-moi-xay-ha-dong-dien-tich-31-37m-so-do-5-tang-full-noi-that-pr41862811
/ban-can-ho-chung-cu-duong-dai-lo-thang-long-phuong-me-tri-prj-vinhomes-green-bay-me-tri/-dan-gui-bql-vinhos-10-studio-1-55-ty-2n1vs-3-2ty-2n2vs-3-6ty-3n-5-5ty-pr41861023
/ban-can-ho-chung-cu-duong-bang-liet-phuong-hoang-liet-prj-ha-noi-melody-residences/cdt-linh-dam-ra-hang-dot-cuoi-chiet-khau-cao-khuyen-mai-khung-pr41792213
/ban-can-ho-chung-cu-duong-nguyen-van-linh-xa-binh-hung-1-prj-mizuki-park/ban-cc-gia-4ty-xxx-85m2-tra-theo-tien-do-chu-dau-tu-nhan-nha-quy-2-2025-pr41861389
/ban-can-ho-chung-cu-xa-dong-hoi-prj-imperia-co-loa/t-2pn-68m2-full-noi-that-cc-chi-tu-5-2ty-view-3-ham-de-xe-mien-lai-t8-2028-pr41679380
/ban-shophouse-nha-pho-thuong-mai-duong-co-loa-xa-dong-hoi-prj-vinhomes-co-loa/duy-t-lo-goc-can-80m-gia-26-9ty-truoc-25m-mat-tien-5m-gia-tot-t-vin-loa-pr41861231
/ban-can-ho-chung-cu-duong-nguyen-van-linh-phuong-tan-thuan-tay-1-prj-eco-green-sai-gon/gio-hang-q7-ban-gia-cdt-2pn-3-150-ty-4ty-bank-tro-vay-70-lh-0899121989-pr37347305
/ban-can-ho-chung-cu-duong-nguyen-huu-canh-phuong-nguyen-an-ninh-prj-vung-tau-centre-point/-suat-ngoai-giao-cdt-gia-2-8-ty-72m2-qua-tang-hap-dan-den-2ty-dong-pr41861091
/ban-can-ho-chung-cu-duong-xa-lo-ha-noi-phuong-thao-dien-prj-masteri-thao-dien/chuyen-chuyen-nhuong-gia-re-n-thu-truong-300-400tr-pr41860318
/ban-can-ho-chung-cu-xa-duong-xa-prj-vinhomes-ocean-park-gia-lam/ban-1pn-view-toa-lakeside-masteri-vinmes-1-chi-tu-2-8-ty-pr41860655
/ban-can-ho-chung-cu-duong-nguyen-van-linh-phuong-tan-thuan-tay-1-prj-eco-green-sai-gon/ban-2pn-nha-moi-gia-tot-4-2-ty-da-co-so-ng-pr41053989
/ban-can-ho-chung-cu-duong-nguyen-van-linh-phuong-tan-thuan-tay-1-prj-eco-green-sai-gon/ct-nhanh-q7-chi-voi-4ty150-bao-tron-phi-sang-ten-doi-chu-lh-0984543251-de-duoc-tro-pr35327138
/ban-can-ho-chung-cu-phuong-ngoc-thuy-prj-khai-son-city/quy-truc-tiep-cdt-doc-quyen-goc-3pn-vay-65-ls-0-ck-10-5-qua-tang-80tr-pr41859056
/ban-shophouse-nha-pho-thuong-mai-duong-hung-vuong-2-xa-tan-tien-7-prj-royal-mansion/ban-5-tang-1-tum-dep-dang-cap-dinh-thu-tai-mat-thanh-bac-giang-pr41860088
/ban-can-ho-chung-cu-duong-tran-hung-dao-phuong-nai-hien-dong-prj-sun-symphony-residence/-cao-cap-sympny-nh-tro-70-0-lai-suat-30-thang-von-chi-tu-970-trieu-chiet-khau-16-pr40485333
/ban-can-ho-chung-cu-duong-ly-son-phuong-ngoc-thuy-prj-khai-son-city/-chcc-moi-gia-tot-nhat-tai-long-bien-quan-tong-hop-bang-hang-cdt-12-2024-pr41787578
/ban-nha-biet-thu-lien-ke-xa-nghia-tru-prj-the-crown-vinhomes-ocean-park-3/can-xe-khe-3-mat-thoang-mat-tien-rong-canh-duong-lon-gan-bien-ho-gia-re-nhat-pr41859696
/ban-can-ho-chung-cu-duong-vo-van-kiet-phuong-an-lac-6-prj-akari-city-nam-long/cap-nhat-moi-gio-hang-ban-2pn-gia-tu-2-7-ty-3-3-ty-va-3pn-gia-tu-4-5-ty-pr41519920
/ban-can-ho-chung-cu-xa-da-ton-prj-the-sapphire-2-vinhomes-ocean-park/cap-nhat-quy-moi-nhat-gia-tot-nhat-s2-17-nhan-nha-o-ngay-11-chi-vang-trao-tay-pr41859603
/ban-dat-xa-xuan-quan/ban-full-tho-cu-dien-tich-173m-mat-tien-10m-tach-duoc-2-so-50tr-m-bao-phi-pr41859467
/ban-nha-biet-thu-lien-ke-duong-le-trong-tan-xa-an-khanh-4-prj-khu-a-geleximco-le-trong-tan/chinh-chu-cn-bn-gp-120m2-rong-view-thong-gi-22-ty-pr41788180
/ban-can-ho-chung-cu-duong-nguyen-van-huong-phuong-thao-dien-prj-thao-dien-green/suat-mua-noi-bo-view-song-nhan-nha-c-thue-ngay-tro-goc-lai-24-thang-pr41859369
/ban-can-ho-chung-cu-duong-xuan-dieu-phuong-quang-an-2-prj-d-le-roi-soleil/tong-p-quy-chuyen-nhuong-va-truc-tiep-ct-soil-tay-lh-pr41573137
/ban-nha-biet-thu-lien-ke-phuong-viet-hung-2-prj-vinhomes-the-harmony/chinh-chu-ban-bt-dep-xuat-sac-tai-riverside-gia-thoa-thuan-pr41732821
/ban-dat-duong-21a-xa-binh-yen-1/ban-tai-thach-that-ha-noi-45-trieu-m2-110-m2-pr41859167
/ban-can-ho-chung-cu-duong-to-ngoc-van-phuong-tam-phu-prj-fiato-uptown/-suat-noi-bo-3-hoa-hau-view-dep-gia-ban-va-chinh-sach-uu-dai-tot-nhat-pr41500866
/ban-can-ho-chung-cu-duong-dai-lo-vong-cung-phuong-thu-thiem-prj-the-opera-residence/2pn-gia-tot-nhat-chi-16-3ty-so-huu-ngay-view-song-vinh-vien-lh-tu-van-24-7-pr41859115
/ban-can-ho-chung-cu-xa-xuan-quan-prj-the-fibonan-ecopark/nhan-dip-khai-truong-mau-em-truong-cdt-mo-ban-quy-dep-chinh-sach-tot-vua-o-vua-dau-tu-pr41643403
/ban-nha-biet-thu-lien-ke-xa-van-canh-1-prj-an-lac-green-symphony/em-g-bo-sau-sat-voi-ngay-tu-dau-chuyen-nghiep-khong-lam-phien-va-vao-viec-luon-a-pr39943385
/ban-dat-phuong-hiep-binh-chanh/ban-lo-goc-02-mat-tien-ngay-sat-gigamall-thu-duc-pr41527856
/ban-can-ho-chung-cu-phuong-tay-mo-prj-the-sapphire-vinhomes-smart-city/ban-chuyen-nhuong-t12-stu-1ty66-1pn-2ty550-2pn-2-9ty-2pn-3-65ty-3pn-4-2-ty-vin-city-pr41858773
/ban-can-ho-chung-cu-duong-le-quang-dao-phuong-me-tri-prj-the-matrix-one/200-chuyen-nhuong-gia-cat-lo-tot-nhat-thi-truong-gia-tu-4-9-ty-6-5-ty-tai-one-pr39195725
/ban-dat-xa-co-dong/toi-la-chinh-chu-can-ban-gap-lo-goc-100-tho-cu-pr41858491
/ban-dat-xa-da-trach/u-tu-sinh-loi-lon-voi-lo-view-ho-tai-khoai-chau-hung-yen-pr41858032
/ban-can-ho-chung-cu-duong-nguyen-trai-phuong-thuong-dinh-prj-royal-city/xem-nha-24-7-bds-binh-minh-chuyen-ban-cc-gia-tot-nhat-thi-truong-tro-vay-70-pr41775303
/ban-can-ho-chung-cu-xa-duong-xa-prj-vinhomes-ocean-park-gia-lam/quy-chinh-chu-stu-1-2-3-pn-ban-re-nhat-du-do-co-so-do-mien-phi-moi-gioi-pr41857548
/ban-can-ho-chung-cu-xa-nghia-tru-prj-lumiere-springbay/chuyen-ban-hang-sang-masteri-hung-yen-2pn-view-gia-tot-nhat-pr41857481
/ban-dat-nen-du-an-duong-nam-ky-khoi-nghia-phuong-hoa-hai-prj-fpt-city-da-nang/bg-hg-thg-12-ng-cam-ket-bg-gia-tot-lh-truong-pr41708715
/ban-can-ho-chung-cu-duong-tran-duy-hung-phuong-trung-hoa-4-prj-vinhomes-d-capitale/-chuyen-ban-dcapitale-quy-cap-nhat-thang-12-2024-gia-tot-pr41662441
/ban-can-ho-chung-cu-xa-dong-hoi-prj-imperia-co-loa/dau-tu-mua-o-chi-tu-10-tong-chiet-khau-den-500tr-full-quy-cac-loai-cam-ket-lay-duoc-hang-pr41590853
/ban-nha-biet-thu-lien-ke-duong-phan-ke-toai-phuong-duong-noi-prj-an-quy-villa-kdt-duong-noi/-mat-27m-truc-tiep-cdt-nam-cuong-dt-198m2-g-cong-vien-pr41779038
/ban-nha-biet-thu-lien-ke-phuong-phu-thuong-1-prj-kita-capital-ciputra/ban-dep-nhat-du-an-tai-tay-ho-chiet-khau-8-25-htls-0-lh-pr41174562
/ban-nha-biet-thu-lien-ke-duong-vo-chi-cong-phuong-phu-thuong-1-prj-kita-capital-ciputra/quy-hang-cdt-dep-nhat-tay-ho-dt-395m2-doi-dien-cv-ck-ngay-4-ty-lh-pr41240377
/ban-nha-biet-thu-lien-ke-duong-le-trong-tan-phuong-duong-noi-prj-khu-do-thi-geleximco-le-trong-tan/chinh-chu-ban-can-sieu-vip-d6-22-dt-120m2-mat-tien-6m-truc-dai-sinh-khi-so-21-ty-pr41466731
/ban-nha-biet-thu-lien-ke-duong-le-quang-dao-phuong-duong-noi-prj-an-quy-villa-kdt-duong-noi/bt-ha-dong-mat-dien-tich-180m-san-so-n-ngay-gia-chinh-thuc-cdt-pr41089350
/ban-nha-rieng-duong-an-duong-vuong-phuong-an-lac-6/can-giai-quyet-cong-viec-cuoi-nam-ban-nh-chinh-chu-pr41854682
/ban-can-ho-chung-cu-thi-tran-trau-quy-prj-masteri-lakeside/mo-ban-cao-cap-nhat-vocp1-lake-side-gia-tot-lien-he-pr41790691
/ban-nha-biet-thu-lien-ke-phuong-cam-nghia-prj-parasol/chinh-chu-ban-cat-lo-can-shophouse-mat-duong-24-m-di-ra-bien-dep-nhat-du-an-lh-pr41855853
/ban-nha-biet-thu-lien-ke-duong-to-huu-phuong-trung-van-prj-khu-do-thi-trung-van-vinaconex-3/can-tien-ban-gap-162m2-lo-goc-dep-t-3-dep-pr41855675
/ban-nha-biet-thu-lien-ke-duong-dan-chu-xa-vinh-tan-prj-sun-casa-central/ma-can-doc-quyen-tu-viet-nhan-250m2-chiet-khau-ngay-100-trieu-pr41855559
/ban-nha-biet-thu-lien-ke-xa-long-hung-prj-the-empire-vinhomes-ocean-park-2/sock-cha-la-dong-nam-di-bo-3-buoc-chan-ra-2-cv-noi-khu-gia-chi-7-6x-ty-o-pr41855172
/ban-dat-duong-quoc-lo-13-xa-minh-hung-1/ket-tien-kd-sang-gap-2-291m2-mt-18m-thong-ngay-kcn-sat-truong-cho-gia-160tr-pr41749885
/ban-can-ho-chung-cu-duong-dai-lo-vong-cung-phuong-thu-thiem-prj-the-opera-residence/truc-hoa-hau-3-4pn-dep-nhat-so-huu-vinh-vien-tron-tam-view-song-sai-gon-va-bitexo-pr41853014
/ban-nha-mat-pho-duong-bui-thi-xuan-phuong-2-22/shock-lo-goc-2-tien-ngang-8m-sat-pham-van-hai-tan-binh-4-tang-lo-gioi-15m-chi-16-2-ty-pr41788581
/ban-can-ho-chung-cu-phuong-tay-mo-prj-vinhomes-smart-city/ban-3pn-2wc-tai-vinmes-3-4-ty-82m2-gia-sieu-i-view-dep-pr41853348
/ban-can-ho-chung-cu-duong-dai-lo-vong-cung-phuong-thu-thiem-prj-the-opera-residence/tong-hop-gio-hang-chuyen-nhuong-metropole-lam-viec-chinh-chu-tu-1pn-4pn-lh-pr39160709
/ban-shophouse-nha-pho-thuong-mai-xa-nghia-tru-prj-the-crown-vinhomes-ocean-park-3/ban-nhanh-bien-16-40-tang-ngay-100trieu-dong-cho-khach-hang-vao-truoc-30-12-pr41852579
/ban-nha-rieng-duong-tran-quoc-vuong-phuong-dich-vong-hau/chinh-chu-ban-gap-6-tang-pho-dong-tien-cho-thue-30tr-th-full-noi-that-sdcc-pr41851106
/ban-dat-nen-du-an-duong-lien-phuong-phuong-phuoc-long-b-prj-kdc-phu-nhuan-phuoc-long-b/an-iet-thu-da-p-tp-thu-duc-ke-en-gloal-city-lh-pr41740187
/ban-can-ho-chung-cu-duong-vanh-dai-3-phuong-long-truong-prj-chung-cu-mt-eastmark-city/doc-quyen-100-view-song-noi-that-duc-63m2-100m2-tu-2-5-ty-vat-pr41104886
/ban-can-ho-chung-cu-phuong-son-ky-prj-diamond-centery/quy-3pn-loai-goc-ban-cong-6m-vi-tri-biet-lap-sl-gioi-han-hot-nhat-du-an-gia-tu-7-5ty-pr41849705
/ban-can-ho-chung-cu-xa-nghia-tru-prj-lumiere-springbay/ra-mat-sieu-sang-tai-vinmes-ocean-park-2-tieu-chuan-6-pr41849616
/ban-nha-mat-pho-duong-ly-phuc-man-phuong-binh-thuan-3/chinh-chu-ban-tien-dt-dat-134-5-m2-dt-san-739-m2-1-tret-1-lung-5-lau-dang-kd-khach-san-pr41849568
/ban-nha-mat-pho-duong-so-2-phuong-tam-binh/chinh-chu-can-ban-tien-2-pr40246789
/ban-can-ho-chung-cu-xa-duong-xa-prj-vinhomes-ocean-park-gia-lam/van-phong-ban-hang-cap-nhat-quy-cat-lo-300tr-tai-lh-0971-870-755-pr36178786
/ban-nha-rieng-duong-3-2-2-phuong-11-5/ban-chdv-trung-tam-sg-gia-tot-dau-tu-san-dong-tien-6-nam-pr41724951
/ban-dat-phuong-12_1/chinh-chu-can-ban-gap-lo-480m2-tang-ngay-30-quay-hang-hien-dang-kd-tai-cho-nong-san-da-lat-pr41840487
/ban-shophouse-nha-pho-thuong-mai-duong-tran-phu-thi-tran-thuong-tin-prj-him-lam-thuong-tin/mua-can-goc-tai-san-tu-tang-gia-tot-nhat-tai-himlam-alo-ngay-pr41816173
/ban-can-ho-chung-cu-xa-dong-hoi-prj-imperia-co-loa/booking-gia-tot-view-32ha-dep-nhat-du-an-ck-3-dk-79tr-m-tro-vay-80-mien-goc-lai-den-t8-2028-pr41715544
/ban-nha-rieng-duong-vuong-thua-vu-phuong-khuong-trung/ban-chinh-chu-tai-lo-goc-ngo-o-to-tranh-a-o-a-kinh-doanh-dien-tich-80-2m2-pr41831069
/ban-shophouse-nha-pho-thuong-mai-duong-tran-phu-thi-tran-thuong-tin-prj-him-lam-thuong-tin/ra-mat-quy-can-goc-vip-nhat-himlam-khong-alo-ngay-la-lo-la-tiec-pr41783209
/ban-can-ho-chung-cu-phuong-long-thanh-my-prj-the-beverly-vinhomes-grand-park/cdt-tung-05-cuoi-tot-nhat-vinmes-qua-tang-len-den-1-7-ty-tang-xe-vf3-pr41837513
/ban-nha-rieng-duong-chien-thang-phuong-van-quan/ban-nr-dep-xuat-sac-ha-dong-ha-noi-gia-sieu-hoi-10-5-ty-48-m2-pr41837341
/ban-can-ho-chung-cu-duong-nguyen-van-huong-phuong-thao-dien-prj-thao-dien-green/gio-hang-doc-quyen-1-2-3pn-quan-2-nha-co-san-o-c-thue-duoc-lien-thanh-toan-30-nhan-nha-pr41837000
/ban-dat-thi-tran-quang-minh/ban-tang-nha-tren-co-nha-cap-4-tai-me-linh-ha-noi-giam-sieu-soc-pr41835765
/ban-can-ho-chung-cu-phuong-lam-ha_1-prj-sun-urban-city/mo-ban-30-suat-ngoai-giao-cdt-chiet-khau-len-toi-15-du-an-ha-nam-pr41273008
/ban-can-ho-chung-cu-duong-n1-phuong-son-ky-prj-celadon-city/tong-hop-gia-ban-tot-nhat-diamond-hdmb-truc-tiep-cdt-ck-27-free-goc-lai-3-nam-pr41834993
/ban-can-ho-chung-cu-duong-le-van-duyet-phuong-nai-hien-dong-prj-peninsula-da-nang/quy-dep-nhat-gia-goc-cdt-song-han-dn-full-noi-that-chiet-khau-700-trieu-nhieu-uu-dai-pr41834872
/ban-can-ho-chung-cu-duong-n1-phuong-son-ky-prj-celadon-city/gio-hang-gia-goc-cdt-chuyen-nhuong-diamond-chiet-khau-17-an-han-goc-24-thang-pr41834763
/ban-shophouse-nha-pho-thuong-mai-duong-tran-phu-thi-tran-thuong-tin-prj-him-lam-thuong-tin/suat-ngoai-giao-gia-chi-9-9-ty-can-lh-pr40749399
/ban-can-ho-chung-cu-duong-nguyen-huu-tho-phuong-tan-hung-14-prj-sunrise-city/ban-nhanh-goc-4n-162m2-rong-nhu-penthouse-pr41833558
/ban-can-ho-chung-cu-duong-so-6-phuong-hiep-binh-phuoc-prj-urban-green/duy-nhat-1-2pn-dt-83m2-chiet-khau-650tr-mua-truc-tiep-cdt-tro-0-l-s-den-2027-gia-5ty3-pr41503627
/ban-dat-xa-an-tien-1/chinh-chu-c-b-gap-full-tho-cu-tai-my-duc-ha-noi-pr41832513
/ban-can-ho-chung-cu-duong-nguyen-tuan-phuong-thanh-xuan-trung-prj-viha-complex/chinh-chu-sang-nhuong-2-suat-ngoai-giao-ky-hd-truc-tiep-cdt-gia-cuc-ky-huu-nghi-lh-pr41583441
/ban-dat-duong-b-lao-xe-re-xa-dai-lao/hang-hiem-bao-loc-kdc-biet-lap-ven-suoi-dien-tich-1000m2-2500m2-phu-hop-nghi-va-dau-tu-pr41608141
/ban-nha-rieng-duong-vuong-thua-vu-phuong-khuong-trung/phan-lo-o-to-tranh-ngo-thong-2-thoang-kinh-doanh-van-phong-co-the-cai-tao-lam-dong-pr41831605
/ban-nha-biet-thu-lien-ke-xa-long-hung-prj-the-empire-vinhomes-ocean-park-2/mua-tang-xe-vf3-quy-can-gioi-han-2-pr41831218
/ban-can-ho-chung-cu-duong-xuan-dieu-phuong-quang-an-2-prj-d-le-roi-soleil/ban-3pn-3wc-dt-111-m2-do-co-ban-cdt-san-2slot-o-to-tang-cao-view-song-ng-gia-13-9-ty-pr41829708
/ban-can-ho-chung-cu-duong-truong-sa-phuong-hoa-hai-prj-newtown-diamond-da-nang/-view-bien-so-huu-lau-i-ng-cap-5-u-tu-chi-tu-800-trieu-pr41829231
/ban-dat-xa-phu-man/chinh-chu-can-ban-lo-1510m2-gia-re-nhat-thi-truong-pr41828407
/ban-nha-biet-thu-lien-ke-duong-nguyen-canh-di-phuong-dai-kim-prj-khu-do-thi-moi-dai-kim-dinh-cong/-vip-kdt-c1-32-33-duy-t-tien-xay-toa-van-phong-pr41678792
/ban-nha-biet-thu-lien-ke-xa-yen-binh-4-prj-ha-noi-tropical-garden/xanh-villas-2-mo-ban-truc-tiep-cdt-duy-nhat-50-can-bt-co-be-boi-rieng-so-lau-dai-lh-pr41827012
/ban-dat-duong-quoc-lo-13-xa-minh-hung-1/-cat-2300m2-mat-tien-dang-lam-nhua-ngay-khu-cong-nghiep-dan-hien-huu-gia-150-trieu-pr41825998
/ban-can-ho-chung-cu-thi-tran-trau-quy-prj-masteri-lakeside/-the-lake-tai-vinhomes-ocean-park-ck-15-mien-phi-qua-noi-that-2-nam-gia-chi-tu-6x-tr-m2-pr41825221
/ban-can-ho-chung-cu-duong-truong-sa-phuong-hoa-hai-prj-newtown-diamond-da-nang/booking-khu-ven-bien-dau-tien-co-trung-tam-thuong-mai-gia-cuc-soc-pr41825166
/ban-can-ho-chung-cu-duong-truong-sa-phuong-hoa-hai-prj-newtown-diamond-da-nang/chinh-sach-kim-cuong-vo-van-uu-dai-cung-diamond-pr41824929
/ban-nha-biet-thu-lien-ke-duong-vanh-dai-3-5-xa-van-canh-1-prj-an-lac-green-symphony/b-c-shophouse-view-ho-du-lac-pr33655449
/ban-can-ho-chung-cu-duong-vo-nguyen-giap-phuong-kenh-duong-prj-hoang-huy-commerce/gio-hang-doc-quyen-dac-biet-gom-5-sieu-dep-duy-nhat-gia-re-nhat-tai-du-an-commerce-pr38778290
/ban-can-ho-chung-cu-phuong-long-thanh-my-prj-the-beverly-solari-vinhomes-grand-park/quan-ly-hang-gia-tot-stu-1-575-1pn-2-035-2pn-2-435-ko-bo-von-t9-nhan-nha-an-han-4-nam-pr39912207
/ban-can-ho-chung-cu-thi-tran-trau-quy-prj-masteri-lakeside/-noi-bo-masterise-homes-tai-vin-ocean-park-1-ck-toi-15-thanh-toan-linh-hoat-gia-tot-nhat-pr41822618
/ban-can-ho-chung-cu-pho-luong-dinh-cua-phuong-an-khanh-prj-de-capella/gio-hang-truc-tiep-cdt-gia-chi-tu-4ty8-2pn-da-co-vat-tang-ngay-5chi-vang-nhan-nha-moi-100-pr41822439
/ban-can-ho-chung-cu-duong-truong-sa-phuong-hoa-hai-prj-newtown-diamond-da-nang/chuyen-nhuong-2pn-sieu-hiem-so-lau-i-sieu-hiem-view-truc-dien-bien-pr41821342
/ban-can-ho-chung-cu-xa-da-ton-prj-the-sapphire-2-vinhomes-ocean-park/tong-p-quy-dep-gia-tot-nhat-toa-s217-s-vista-lh-em-quy-nhan-tt-pr41821231
/ban-nha-rieng-duong-100-binh-thoi-phuong-14-6/ban-86-45a-100-p14-q11-3-tang-hem-xe-hoi-2pn-3wc-gia-2-ty-350-pr41436522
/ban-shophouse-nha-pho-thuong-mai-xa-nghia-tru-prj-the-crown-vinhomes-ocean-park-3/gia-tot-nhat-ocp3-1can-huu-han-doc-quyen-ke-canh-bien-pr41819612
/ban-can-ho-chung-cu-duong-nguyen-van-tiet-phuong-lai-thieu-prj-opal-skyline/-so-hong-san-gia-tot-studio-1ty080-1pn-1ty5-2pn-1ty6-3pn-2ty2-pr41162104
/ban-can-ho-chung-cu-duong-truong-luu-phuong-long-truong-prj-chung-cu-mt-eastmark-city/gio-hang-chuyen-nhuong-hon-100-gia-tot-du-an-t7-2024-tu-2-1-ty-60-4-m2-pr40274974
/ban-nha-biet-thu-lien-ke-xa-yen-binh-4-prj-ha-noi-tropical-garden/xanh-villas-2-chi-hon-12-ti-san-vuon-220m2-dat-cach-big-c-30-phut-pr41809719
/ban-nha-biet-thu-lien-ke-duong-dai-lo-hoang-mai-phuong-dai-kim-prj-the-manor-central-park/cdt-bitexco-ra-hang-phan-khu-aristo-dep-nhat-chiet-khau-21-uu-dac-don-tet-pr41808269
/ban-dat-xa-trang-viet/khu-dau-gia-moi-gia-tot-nhat-gan-duong-48m-canh-truong-quoc-te-canh-di-tich-lich-su-pr41802418
/ban-nha-mat-pho-duong-song-hanh-xa-tan-xuan-5/ban-chinh-chu-tien-hoc-mon-so-hong-12x28m-gia-19ty500-pr41798900
/ban-nha-mat-pho-duong-yersin-phuong-cau-ong-lanh/ban-tien-quan-1-47-ty-68m2-doi-dien-cho-dan-sinh-gan-cho-va-ga-metro-ben-thanh-pr41791990
/ban-nha-biet-thu-lien-ke-duong-nguyen-duy-trinh-phuong-truong-thanh-prj-khu-do-thi-moi-dong-tang-long/ban-gap-12-can-quan-9-chi-6-8-10-5-38-ty-gia-c-100-1000m2-11-2024-pr41384038
/ban-dat-nen-du-an-xa-luong-hoa-1/chinh-chu-c-b-gap-3-lo-goc-lien-ke-asaka-riverside-gia-tot-tiem-ng-sinh-loi-cao-pr41791053
/ban-dat-nen-du-an-xa-phuoc-an-1-prj-khu-do-thi-moi-long-tho/-gia-re-tai-hud-gia-dau-tu-da-co-so-kenh-dau-tu-tot-nhat-tai-nhon-trach-pr40828525
/ban-can-ho-chung-cu-duong-ly-thanh-tong-thi-tran-trau-quy-prj-masteri-lakeside/-1pn-2pn-3pn-the-lake-chiet-khau-17-view-dieu-a-tt-tien-do-2-nam-htls-0-3-nam-pr41583055
/ban-nha-mat-pho-duong-nguyen-van-luong-phuong-11-3/chinh-chu-can-ban-lo-goc-2-mt-182-5m-sieu-dep-tai-dong-tien-thue-on-dinh-pr41785331
/ban-can-ho-chung-cu-duong-so-9a-xa-binh-hung-1-prj-sai-gon-mia/chuyen-ban-gia-tot-nhat-thi-truong-uy-tin-chuyen-nghiep-tantam-pr41781835
/ban-can-ho-chung-cu-duong-duong-van-be-phuong-vinh-tuy-prj-sunshine-garden/-1pn-3-6-ty-2pn-4-8-ty-3pn-6-ty-4pn-6-2-ty-lh-tuan-anh-pr41629408
/ban-dat-xa-dong-truc/lo-goc-2-mat-tien-chinh-kd-130m-mt-7m-duong-cuc-lon-12m-3-oto-tranh-pr41926098
/ban-nha-biet-thu-lien-ke-duong-nguyen-xien-phuong-long-thanh-my-prj-the-manhattan-vinhomes-grand-park/gap-mo-ban-14-can-pho-mattan-mua-truc-tiep-lh-pr41852551
/ban-nha-rieng-duong-dao-tan-phuong-cong-vi/-dep-7-g-thang-may-xay-moi-tai-118-11-phong-cho-thue-70-trieu-thang-so-do-chinh-chu-pr41827716
/ban-can-ho-chung-cu-duong-le-van-duyet-phuong-nai-hien-dong-prj-peninsula-da-nang/ban-2pn-gia-re-thanh-toan-linh-at-24-thang-pr41926420
/ban-can-ho-chung-cu-phuong-trung-hoa-4-prj-thang-long-number-one/tong-p-cac-ban-tai-no1-87m2-91m2-108m2-112m2-117m2-131m2-162m2-173m2-pr38406722
/ban-can-ho-chung-cu-duong-nguyen-tat-thanh-phuong-hoa-hiep-nam-prj-nam-o-discovery/dc-quyen-5-2pn-truc-dien-bien-tai-du-an-discvery-gia-re-nhat-thi-trung-uu-dai-den-7-pr41924776
/ban-can-ho-chung-cu-duong-ngo-thi-nham-phuong-hoa-khanh-bac/-view-bien-tai-tp-da-nang-chi-580-trieu-so-huu-ngay-lien-ke-dh-bach-ka-uu-dai-6-5-5-sjc-pr41924521
/ban-dat-xa-phu-vinh-1/chi-370-trieu-co-ngay-lo-dien-tich-433-0m2-tho-cu-200m2-so-hong-cong-chung-trong-ngay-pr41666392
/ban-nha-biet-thu-lien-ke-duong-nguyen-tat-thanh-phuong-cam-nghia-prj-song-town/gio-hang-doc-quyen-can-hy-lap-view-cong-vien-nuoc-canh-uu-dai-500tr-chiec-khau-23-8-pr41908845
/ban-can-ho-chung-cu-pho-lang-ha-phuong-thanh-cong-prj-the-nelson-private-residences/quy-noi-bo-tang-dep-gia-niem-yet-chiet-khau-cao-cho-quy-khach-hang-trong-thang-12-pr41924361
/ban-nha-mat-pho-duong-nguyen-hoang-phuong-my-dinh-2/ban-cau-giay-ha-noi-trung-tam-khu-vuc-cau-giay-pr41926186
/ban-nha-biet-thu-lien-ke-duong-lac-long-quan-phuong-phu-thuong-1-prj-khu-do-thi-nam-thang-long-ciputra/tong-hop-tat-ca-cac-can-ban-tai-he-le-tuan-pr41468336
/ban-nha-biet-thu-lien-ke-xa-nghia-tru-prj-the-crown-vinhomes-ocean-park-3/nhung-can-co-mua-duoc-voi-tai-chinh-7-5-10-5-ty-khi-mua-vinhome-3-trong-thang-10-pr41204467
/ban-nha-biet-thu-lien-ke-xa-nghia-tru-prj-the-crown-vinhomes-ocean-park-3/ban-tai-3-7-99-ty-54m2-gia-sieu-hoi-uy-tin-pr41926077
/ban-dat-duong-lac-long-quan-phuong-buoi/ban-tai-tay-ho-ha-noi-gia-cuc-chat-15-ty-68-m2-pr41926029
/ban-can-ho-chung-cu-duong-to-huu-phuong-la-khe-prj-the-charm-an-hung/tong-hop-quy-ngoai-giao-du-2pn-tu-2-5-ty-3pn-tu-4-3-tg-dep-gia-tot-pr41850124
/ban-can-ho-chung-cu-duong-lang-phuong-nga-tu-so-prj-the-ninety-complex/trung-tam-quan-dong-da-y-sat-ban-giao-quy-ii-2025-3-4-ty-ck-den-10-pr41916853
/ban-can-ho-chung-cu-duong-hung-vuong-2-phuong-gia-cam-prj-chung-cu-vic-grand-square/chi-tu-1-1-ty-so-huu-cao-cap-tai-tt-thanh-p-viet-tri-pr41377355
/ban-shophouse-nha-pho-thuong-mai-duong-quoc-lo-38-thi-tran-ho/chi-1-5ty-so-huu-ngay-tt-xa-sat-kcn-300ha-mat-tro-vay-toi-70-pr41925550
/ban-nha-rieng-duong-bui-quang-la-phuong-12-8/-dep-dien-tich-khung-gia-re-beo-p12-go-vap-doi-dien-truong-dt-4-5x14-pr41925540
/ban-nha-biet-thu-lien-ke-xa-thanh-lam-3-prj-hud-me-linh-central/ban-quy-can-cuoi-cung-300-m2-gia-11-4-ty-dep-nhat-thi-truong-ho-tro-lai-suat-0-pr38657225
/ban-can-ho-chung-cu-duong-vo-nguyen-giap-phuong-kenh-duong-prj-hoang-huy-commerce/ban-tai-ang-2-2-ty-73-2-m2-2pn-2wc-pr41924432
/ban-can-ho-chung-cu-xa-duong-xa-prj-chung-cu-the-senique-hanoi/duplex-117m2-chiet-khau-tot-nhat-12-du-an-khong-chenh-von-ban-dau-20-pr41925372
/ban-can-ho-chung-cu-pho-lang-ha-phuong-thanh-cong-prj-the-nelson-private-residences/hang-hiem-quy-ngoai-giao-dep-nhat-tang-15-25-du-an-gia-tot-nhat-thi-truong-pr41925346
/ban-can-ho-chung-cu-thi-tran-trau-quy-prj-masteri-lakeside/-2n-goc-dn-tang-trung-view-thoang-the-lake-tai-vinhomes-ocp-ck-15-pr41925315
/ban-shophouse-nha-pho-thuong-mai-duong-quoc-lo-21a-quoc-lo-21-thi-tran-ba-sao-1-prj-flamingo-golden-hill/ban-105m2-gia-tu-55tr-m2-2-mat-tien-kinh-doanh-sam-uat-tai-khu-du-lich-chua-tam-chuc-pr41925311
/ban-nha-biet-thu-lien-ke-duong-do-the-chap-phuong-phuoc-my/ban-villa-son-tra-da-nang-52-ty-240-m2-4-tang-pr41925292
/ban-nha-biet-thu-lien-ke-duong-quoc-lo-13-phuong-hiep-binh-phuoc-prj-khu-do-thi-van-phuc-city/ban-kdt-hoan-thien-5x17-11-ty-6x17-11-ty-7x17-14-5-ty-7x19-14-5-7x21-15-5-10x20-pr24604589
/ban-can-ho-chung-cu-duong-nguyen-van-huong-phuong-thao-dien-prj-thao-dien-green/-1pn-2pn-3pn-mua-truc-tiep-cdt-chiet-khau-8-nhan-nha-ngay-pr41877289
/ban-shophouse-nha-pho-thuong-mai-duong-tran-hung-dao-phuong-nai-hien-dong-prj-sun-symphony-residence/booking-100tr-suat-villa-du-an-uu-tien-chon-can-dep-va-huong-them-chiet-khau-pr40237843
/ban-can-ho-chung-cu-duong-lac-long-quan-phuong-phu-thuong-1-prj-heritage-west-lake/quy-moi-tai-so-weslake-view-tron-gia-tot-dt-tu-46m2-94m2-145m2-180m2-duplex-pr41925098
/ban-dat-nen-du-an-duong-me-linh-phuong-hoa-hiep-nam-prj-lakeside-palace/lo-goc-dt-190m2-vieu-chung-cu-gia-7-ty-650-pr41925091
/ban-can-ho-chung-cu-xa-nghia-tru-prj-lumiere-springbay/sieu-pham-2n-goc-spring-bay-view-mega-grand-world-gia-5ty-pr41925074
/ban-can-ho-chung-cu-phuong-tay-mo-prj-vinhomes-smart-city/ban-chuyen-nhuong-studio-1pn-2pn-3pn-cao-cap-tai-kdt-vinmes-city-pr41907085
/ban-can-ho-chung-cu-xa-nghia-tru-prj-lumiere-springbay/doc-quyen-quy-spring-bay-view-tao-song-grand-word-ha-noi-von-tu-co-20-pr41924889
/ban-can-ho-chung-cu-duong-quoc-lo-5b-xa-da-ton-prj-masteri-waterfront/ban-3-png-ngu-tai-gia-chinh-hang-tu-chu-dau-tu-qua-tang-noi-that-pr41924869
/ban-nha-biet-thu-lien-ke-duong-nguyen-van-huyen-phuong-xuan-la-prj-kdt-tay-ho-tay-starlake-ha-noi/quy-can-moi-nhat-shophouse-khu-do-thi-vi-tri-dep-gia-tot-nhat-thi-truong-pr41790205
/ban-can-ho-chung-cu-phuong-tay-mo-prj-the-sapphire-vinhomes-smart-city/chinh-chu-ban-1112-toa-s205-full-gia-2-52-ty-pr41789488
/ban-can-ho-chung-cu-thi-tran-trau-quy-prj-masteri-lakeside/ban-2pn-view-toa-gia-tot-nhat-khu-vuc-pr41924773
/ban-can-ho-chung-cu-duong-dai-lo-thang-long-phuong-me-tri-prj-vinhomes-green-bay-me-tri/-chinh-chu-ban-gap-2pn-65m2-va-3pn-85m2-vinmes-gia-sieu-re-pr41924730
/ban-dat-duong-quoc-lo-56-xa-hang-gon/ban-tho-cu-105m-mat-tien-ql56-doi-riu-long-khanh-gia-950-trieu-pr41922643
/ban-nha-rieng-duong-nguyen-chi-thanh-phuong-lang-ha/chinh-chu-ban-ngo-20-huynh-thuc-khang-thong-sang-61-tri-phan-lo-o-to-kd-9-ty-pr41924674
/ban-nha-biet-thu-lien-ke-duong-to-huu-phuong-duong-noi-prj-solasta-mansion-duong-noi/gia-dinh-chuyen-huong-can-ban-gap-can-khu-q-dt-170m2-gia-26-8-ty-lh-pr41716060
/ban-can-ho-chung-cu-duong-nguyen-huu-canh-phuong-nguyen-an-ninh-prj-vung-tau-centre-point/nha-h-bien-so-tron-doi-nhung-cuoi-cung-huong-chinh-sach-chiet-khau-20-pr41924633
/ban-can-ho-chung-cu-duong-tran-binh-trong-phuong-1-21/-go-vap-gia-re-chi-936tr-nhan-nha-full-noi-that-nhan-ck-den-7-tro-tra-gop-dai-han-pr41924615
/ban-can-ho-chung-cu-duong-le-van-luong-xa-nhon-duc-prj-khai-hoan-prime/mo-ban-lien-ke-phu-my-hung-tt-chi-500-trieu-den-nhan-nha-pr41906980
/ban-nha-rieng-duong-nhan-hue-phuong-dong-mai-1/-xay-dung-chac-chan-31m2-thiet-ke-4-5-tang-chi-tu-2-8-ty-tai-10p-ra-ben-xe-yen-nghia-pr41073997
/ban-can-ho-chung-cu-duong-32-xa-di-trach-prj-chung-cu-the-wisteria/mua-nha-truoc-tet-am-het-qua-khung-so-huu-ngay-4pn-bc-huong-mat-nhin-noi-khu-chi-hon-50tr-m2-pr41924529
/ban-can-ho-chung-cu-duong-nguyen-huu-canh-phuong-nguyen-an-ninh-prj-vung-tau-centre-point/gio-hang-doc-quyen-center-2pn-72m2-76m2-gia-2-79ty-chua-vat-dep-so-08-14-16-pr41924474
/ban-can-ho-chung-cu-duong-to-ngoc-van-phuong-tam-phu-prj-fiato-uptown/-suat-ngoai-giao-6-dac-biet-hiem-gia-va-chinh-sach-uu-dai-tot-nhat-pr41857317
/ban-can-ho-chung-cu-duong-nguyen-xien-phuong-long-binh-3-prj-glory-heights-vinhomes-grand-park/-1pn-dinh-cao-von-chi-438tr-ck-tan-gia-don-tet-23-5-lai-suat-0-18thang-pr41816609
/ban-can-ho-chung-cu-mini-duong-cau-giay-phuong-quan-hoa/ban-50m-6t-10pkk-ngo-thoang-10m-oto-tranh-tm-du-pccc-gpxd-dt-60tr-th-pr41924450
/ban-nha-biet-thu-lien-ke-xa-van-canh-1-prj-an-lac-green-symphony/e-can-ban-gap-can-song-lap-132m2-co-ham-dang-cap-sieu-hiem-vi-tri-dep-khong-loi-lam-gi-a-pr40614264
/ban-can-ho-chung-cu-phuong-phuc-dong-prj-sunshine-green-iconic/-long-bien-2pn-79-6m2-tu-4-x-ty-duplex-3pn-170m2-tu-9-x-ty-nhan-nha-t9-2024-nay-pr39959331
/ban-nha-biet-thu-lien-ke-duong-co-loa-xa-dong-hoi-prj-vinhomes-co-loa/can-ban-khu-do-thi-vin-nhinh-17-ty-kdt-giao-thuong-dl-soi-bac-nhat-viet-nam-pr41924359
/ban-nha-rieng-duong-an-thuong-4-phuong-my-an/ban-toa-can-ho-ngay-pho-do-bo-gia-ngang-gia-dat-cach-bien-khe-200m-pr41924332
/ban-can-ho-chung-cu-duong-nguyen-van-linh-xa-binh-hung-1-prj-mizuki-park/-nam-long-group-tang-den-600tr-uu-dai-vay-lai-suat-chi-2-nam-pkd-pr39332198
/ban-can-ho-chung-cu-duong-dai-lo-thang-long-phuong-tay-mo-prj-imperia-smart-city/chinh-chu-ban-i1-2pn-55m2-vinmes-moi-ban-giao-gia-3-3-ty-view-dieu-a-pr40194506
/ban-can-ho-chung-cu-duong-tran-hung-dao-phuong-an-hai-tay-prj-sun-ponte-residence-da-nang/-truc-dien-song-han-goc-3br-tang-12-view-truc-dien-song-chiet-khau-den-18-pr41924270
/ban-dat-duong-quoc-lo-21a-quoc-lo-21-xa-co-dong/ban-66m2-ql21-nga-tu-truong-luc-quan-doi-dien-cong-cho-huyen-pr41924256
/ban-shophouse-nha-pho-thuong-mai-duong-me-linh-phuong-hoa-hiep-nam-prj-the-ori-garden/hot-nhat-va-duy-nhat-can-khoi-de-mat-tien-lon-qua-tien-loi-de-khai-thac-cho-thue-pr41830084
/ban-nha-mat-pho-duong-hoang-sa-phuong-tan-dinh-2/ban-quan-1-tp-hcm-88-ty-200m2-hdt-235-trieu-thang-pr41741645
/ban-nha-biet-thu-lien-ke-xa-thuy-trieu-prj-vinhomes-royal-island/tin-that-100-song-lap-hoang-gia-huong-dong-nam-gia-13-2-ty-dau-tu-chac-thang-pr41417818
/ban-can-ho-chung-cu-pho-ta-quang-buu-phuong-6-10-prj-the-pegasuite-2/-2-1pn-da-co-so-ng-view-phao-a-quan-1-nhan-nha-lien-tay-gia-chi-2t6x-pr41924243
/ban-nha-biet-thu-lien-ke-duong-hung-vuong-2-phuong-hoa-phu-2-prj-the-orchard-sycamore/truc-tiep-cdt-capitaland-ck-10-gia-14-6-ty-dtxd-241m2-pr41151875
/ban-nha-rieng-duong-giap-bat-phuong-thinh-liet/ban-40m2-x-3-tang-tren-dien-tich-dat-60m2-tai-o-to-vao-duoc-mien-trung-gian-pr39290422
/ban-dat-thi-tran-ben-luc/chu-can-ban-mieng-khu-cong-nghiep-phuc-long-long-an-gia-sieu-re-anh-hiep-pr41924104
/ban-nha-biet-thu-lien-ke-duong-le-trong-tan-phuong-phu-la-prj-khu-do-thi-moi-van-phu/giam-1-5-ty-ban-200m-mat-tien-9-4m-so-no-hau-san-giao-dich-gia-30-5-ty-pr41924159
/ban-nha-biet-thu-lien-ke-pho-ton-duc-thang-phuong-ben-nghe-prj-vinhomes-golden-river-ba-son/chinh-chu-can-n-lai-quan-1-504m2-gia-150-ty-co-ong-luong-pr38696987
/ban-dat-xa-van-canh-1/quy-hang-moi-nhat-khu-dich-vu-25-2ha-va-khu-4-5ha-mat-duong-h-dai-3-5-gia-tu-9x-m2-pr40729001
/ban-dat-nen-du-an-thi-tran-luong-son-4/chinh-chu-b-sieu-dep-tai-riverview-phuong-pr41924136
/ban-dat-nen-du-an-phuong-kien-hung-prj-khu-do-thi-thanh-ha-muong-thanh/toi-chinh-chu-can-ban-lo-lien-ke-dep-gia-dau-tu-hoac-de-o-pr38455809
/ban-can-ho-chung-cu-xa-nghia-tru-prj-lumiere-springbay/-spring-bay-co-hoi-dau-tu-dang-cap-voi-chiet-khau-hap-dan-gia-chi-tu-2-8-ty-pr41924132
/ban-can-ho-chung-cu-duong-so-6-phuong-hiep-binh-phuoc-prj-urban-green/-tang-23-view-dinh-nhu-penuse-truc-tiep-cdt-tang-2n-pql-ck-9-tang-180-530tr-ht-ls-0-pr41353642
/ban-nha-rieng-duong-phan-chu-trinh-phuong-24/ban-dep-xuat-sac-tai-gia-4-39-ty-dt-50-4m2-q-binh-thanh-tp-hcm-pr41924009
/ban-can-ho-chung-cu-duong-le-van-luong-xa-nhon-duc-prj-khai-hoan-prime/don-nha-sang-thanh-toan-moi-thang-chi-1-cung-prime-pr41905415
/ban-shophouse-nha-pho-thuong-mai-duong-nguyen-tat-thanh-phuong-cam-nghia-prj-caraworld-cam-ranh/do-thi-bien-khanh-hoa-pr41744204
/ban-nha-rieng-duong-nguyen-khanh-toan-phuong-quan-hoa/chung-cu-mini-lo-goc-2-thoang-oto-20pkk-du-do-dong-tien-100tr-th-pccc-day-du-pr41924037
/ban-can-ho-chung-cu-duong-quoc-lo-13-phuong-vinh-phu-prj-the-rivana/ban-mat-tien-ql13-1pn-gia-chi-1-6-ty-dien-tich-50m2-acb-tro-lai-7-5-24th-pr38508320
/ban-nha-biet-thu-lien-ke-duong-hoang-quoc-viet-phuong-hung-thang-1-prj-grand-bay-halong-villas/hiem-can-villa-truc-dien-bien-cuoi-cung-o-ha-long-dat-o-lau-dai-compound-bai-tam-rieng-830m-pr41763650
/ban-dat-xa-van-hung/-qh-tho-cu-mat-bien-luong-ninh-hoa-bac-phong-ngop-ban-1-49-trieu-m2-pr39664991
/ban-nha-rieng-pho-tran-xuan-soan-phuong-tan-hung-14/-cuc-hiem-chinh-chu-ban-mt-hem-1041-quan-7-80m2-4x20-chi-8-6-ty-pr41724689
/ban-nha-biet-thu-lien-ke-duong-vanh-dai-2-phuong-phu-huu-2-prj-mega-village/ban-nhieu-can-pho-5x15m-6-7ti-7-5x12m-8-5ti-5x17m-8-7ti-goc-150m-12ti-so-hong-pr41800299
/ban-can-ho-chung-cu-duong-vanh-dai-3-phuong-long-thanh-my-prj-the-beverly-solari-vinhomes-grand-park/-cao-cap-46m2-1pn-2-5-ty-vat-nhan-nha-o-ngay-ngan-hang-tro-vay-70-mien-goc-lai-18th-pr41777268
/ban-shophouse-nha-pho-thuong-mai-duong-co-loa-xa-dong-hoi-prj-vinhomes-co-loa/-dau-tu-day-dep-nhat-tam-diem-tang-gia-gan-vinm-pr41910121
/ban-nha-rieng-duong-pham-van-chieu-phuong-14-8/ban-nr-co-thang-may-dep-o-14-2-ty-day-du-tien-ich-pr41922406
/ban-can-ho-chung-cu-duong-thanh-thai-phuong-14-5-prj-rivera-park-sai-gon/ban-q10-dt-78m2-2pn-2wc-ntcb-gia-4-55-ty-lh-pkd-riverra-pr41922198
/ban-can-ho-chung-cu-duong-lac-long-quan-phuong-nghia-do-1-prj-watermark/ban-395-107-m2-3-pn-view-tron-tay-tang-cao-11-ty-pr41922176
/ban-nha-rieng-duong-minh-khai-phuong-minh-khai/-45m-4-tang-7-ty-hai-ba-trung-pr41922168
/ban-can-ho-chung-cu-duong-nguyen-huu-canh-phuong-22-prj-vinhomes-central-park/hot-deal-3pn-view-truc-dien-cong-vien-co-so-tang-trung-tin-that-100-pr41605802
/ban-can-ho-chung-cu-xa-long-hung-prj-lumiere-springbay/quy-sieu-dau-tu-1pn-va-1pn-1-du-an-spring-bay-gia-chi-2y800-lien-he-pr41231090
/ban-can-ho-chung-cu-duong-dien-bien-phu-phuong-22-prj-vinhomes-central-park/hot-deal-4pn-view-truc-cong-vien-co-so-tin-that-100-pr40631025
/ban-can-ho-chung-cu-duong-5-xa-dong-hoi-prj-eurowindow-river-park/-hang-hiem-quy-ngoai-giao-2-3pn-full-nt-dien-tich-63-98-6m2-gia-chi-48tr-m2-san-so-o-ngay-pr41921975
/ban-shophouse-nha-pho-thuong-mai-duong-dt-427b-thi-tran-thuong-tin-prj-him-lam-thuong-tin/truc-tiep-cdt-quy-50-can-ngoai-giao-33m-gia-tu-10ty-can-ck-9-5-lh-pr39931266
/ban-can-ho-chung-cu-duong-dai-lo-thang-long-phuong-me-tri-prj-vinhomes-green-bay-me-tri/ban-ch-2pn-64m2-tai-vinhos-5-5-ty-vnd-pr41921430
/ban-trang-trai-khu-nghi-duong-duong-cau-may-phuong-sa-pa_1/cat-lo-ban-homestay-trung-tam-200m-voi-gia-sieu-soc-chi-tu-2x-x-x-sieu-be-pr41920931
/ban-dat-duong-cao-trung-1-xa-duc-giang-3/ban-1-3-4-ty-43-7m2-phap-ly-day-du-mat-tien-dep-pr41921354
/ban-dat-xa-minh-hung-1/ket-tien-sang-gap-manh-2676m2-2-shr-gia-190-trieu-gia-100-gan-truong-cho-kcn-han-quoc-pr41789649
/ban-can-ho-chung-cu-duong-phan-van-dang-phuong-thanh-my-loi-prj-feliz-en-vista/gio-hang-ban-cap-nhat-t3-2024-da-1pn-2pn-3pn-4pn-5pn-duplex-pr39370337
/ban-dat-duong-dh519-xa-phuoc-sang/ban-mt-phu-giao-pr41913248
/ban-can-ho-chung-cu-duong-quoc-lo-51-phuong-phu-my_1-prj-citymark-residence/ban-nhanh-my-tt-70-nhan-nha-an-han-lai-va-goc-24th-pr41569211
/ban-dat-duong-phu-cat-xa-phu-cat-1/ban-gap-truc-dh09-thon-5-gia-hoi-pr41921141
/ban-dat-duong-ngo-xuan-quang-thi-tran-trau-quy/hot-chinh-chu-ban-gap-42m-o-to-thong-gia-nao-cung-ban-de-an-tet-pr41921106
/ban-nha-biet-thu-lien-ke-duong-dai-lo-thang-long-xa-an-khanh-4-prj-mailand-hanoi-city/chinh-chu-c-b-goc-210m2-du-bac-khh-splendora-vi-tri-vip-pr40615824
/ban-nha-biet-thu-lien-ke-duong-co-loa-xa-dong-hoi-prj-vinhomes-co-loa/tong-lai-5-can-gia-re-nhat-hien-tai-thang-12-don-gia-chi-tu-240tr-m2-lh-pr41818435
/ban-can-ho-chung-cu-phuong-trung-hoa-4-prj-thang-long-number-one/danh-sach-chinh-chu-tu-ban-quan-ly-lh-0931429333-pr32987005
/ban-nha-biet-thu-lien-ke-duong-co-loa-xa-dong-hoi-prj-vinhomes-co-loa/doc-quyen-bt-song-lap-ngoi-sao-7-tay-nam-gia-46-ty-thoi-dai-5-nam-gia-56-ty-lh-pr41818505
/ban-can-ho-chung-cu-duong-dai-lo-thang-long-phuong-tay-mo-prj-lumi-hanoi/ban-sieu-pham-penthouse-ha-noi-34-ty-377m2-ban-cong-dong-nam-ck-11-htls-0-pr41765091
/ban-nha-biet-thu-lien-ke-xa-long-hung-prj-the-empire-vinhomes-ocean-park-2/ban-sanho-sh1-24-doi-dien-k-town-du-an-2-lh-pr40283803
/ban-dat-duong-dong-truc-xa-dong-truc/1-suat-duy-nhat-mat-khoang-mai-re-hon-200tr-sat-cong-nghe-cao-hoa-lac-tuyen-metro5-pr41920960
/ban-nha-biet-thu-lien-ke-xa-long-hung-prj-the-empire-vinhomes-ocean-park-2/ban-suat-ngoai-giao-chiet-khau-ngay-6-ty-san-ho-7-84m2-mat-tien-6m-duong-20m-sieu-re-14-2-ty-pr41806538
/ban-can-ho-chung-cu-duong-pham-hung-phuong-my-dinh-1-prj-vinhomes-skylake/ban-4pn-3wc-158m2-chi-voi-17-ty-tai-vinmes-1-nam-tu-liem-ha-noi-pr41719225
/ban-can-ho-chung-cu-duong-nguyen-trai-phuong-nguyen-cu-trinh-prj-lancaster-legacy/-q1-gioi-han-30-xuat-nhan-chiet-khau-len-den-12-lh-em-dat-tro-nhan-tng-tin-a-pr41920805
/ban-can-ho-chung-cu-duong-my-phuoc-tan-van-phuong-binh-an-1-prj-honas-residence/ban-lang-dai-cthu-duc-thanh-toan-truoc-190-trieu-nhan-nha-o-ngay-ck-9-vong-quay-100tr-pr40893981
/ban-can-ho-chung-cu-duong-104-phuong-binh-trung-tay-prj-diamond-island/tin-that-100-pkd-dao-kim-cuong-chuyen-san-sieu-pham-gia-re-kich-san-1-2-3-4pn-duplex-penthouse-pr40479737
/ban-dat-nen-du-an-duong-818-thi-tran-thu-thua-prj-agora-city/do-trung-tam-hanh-chinh-a-long-an-pr41639358
/ban-can-ho-chung-cu-duong-trinh-quang-nghi-phuong-7-6-prj-dream-home-palace/gio-hang-chinh-chu-gui-ban-51m2-2pn-1-670-ty-62m2-1-860-ty-80m2-2-230-ty-pr41920699
/ban-nha-rieng-duong-le-duc-tho-phuong-14-8/gia-9ty1-sieu-pham-ngang-5m-oto-ngvi-tri-p-14-go-vap-dt-5m-x-15m-pr41838420
/ban-can-ho-chung-cu-duong-dai-lo-binh-duong-phuong-lai-thieu-prj-the-emerald-golf-view/so-huu-ngay-full-noi-that-don-tet-2025-khi-thanh-toan-truoc-10-so-ng-lien-tay-pr41920668
/ban-can-ho-chung-cu-duong-pham-hung-phuong-my-dinh-1-prj-vinhomes-skylake/ban-gap-2pn-s2-2916-vinmes-view-tang-full-do-gia-3-5-ty-lh-0976069894-pr33093016
/ban-can-ho-chung-cu-duong-le-van-luong-xa-nhon-duc-prj-khai-hoan-prime/-ban-2pn-2wc-gan-pmh-q7-gia-3-3-ty-dien-tich-63m2-pr41920563
/ban-dat-duong-tan-xa-xa-tan-xa/chinh-chu-ban-manh-125m2-full-tho-cu-mt5m-tai-ngay-sat-dh-fpt-va-cong-nghe-cao-hoa-lac-pr41920529
/ban-dat-xa-nhuan-trach/ban-gap-lo-view-dep-dien-tich-1446m2-600-ont-tai-luong-son-hoa-binh-pr41920512
/ban-can-ho-chung-cu-duong-ngo-thi-nham-phuong-hoa-khanh-bac/mia-center-point-bien-so-1-trung-tam-da-nang-bieu-tuong-moi-tai-khu-thuong-mai-tu-do-pr41808153
/ban-nha-mat-pho-duong-quang-ham-phuong-6-14/sieu-pham-kinh-doanh-hiem-co-tai-go-vap-pr41920169
/ban-can-ho-chung-cu-phuong-hoa-phu-2-prj-midori-park-the-glory/ban-ch-2pn-thu-dau-mot-2-5-ty-69m2-pr41780158
/ban-nha-biet-thu-lien-ke-duong-lac-long-quan-phuong-phu-thuong-1-prj-khu-do-thi-nam-thang-long-ciputra/ban-cao-cap-k-gia-hop-ly-nhat-truong-pr41467357
/ban-nha-biet-thu-lien-ke-duong-pham-van-dong-phuong-co-nhue-1-prj-thanh-pho-giao-luu/ban-tt4-lo-goc-full-noi-that-cao-cap-pr40797859
/ban-nha-rieng-duong-thuy-khue-phuong-thuy-khue/ban-mat-tien-hon-6m-ngo-tay-ho-ha-noi-kinh-doanh-sieu-dinh-pr41553665
/ban-can-ho-chung-cu-duong-le-van-luong-xa-nhon-duc-prj-khai-hoan-prime/-lien-ke-phu-my-hung-voi-so-von-ban-dau-chi-480-trieu-lh-pr41919992
/ban-can-ho-chung-cu-duong-le-van-luong-xa-nhon-duc-prj-khai-hoan-prime/-lien-ke-phu-my-hung-duoc-thiet-ke-theo-tieu-chuan-resort-pr41906800
/ban-dat-nen-du-an-duong-d7-thi-tran-lai-uyen/con-2-lo-duy-nhat-da-5f-the-aura-becamex-bau-bang-vi-tri-25m-gia-cuc-tot-so-san-pr41919874
/ban-can-ho-chung-cu-duong-le-van-luong-phuong-nhan-chinh-prj-the-diamond-residence/suat-ngoai-giao-gia-tot-nhat-du-an-chiet-khau-ngay-4-htls-0-den-1-10-24-nha-o-ngay-pr39404558
/ban-can-ho-chung-cu-duong-quoc-lo-51-phuong-phu-my_1-prj-citymark-residence/chinh-chu-ban-gap-2pn-a06-01-du-an-city-mark-tra-truoc-190-trieu-c-thue-15tr-pr41919864
/ban-can-ho-chung-cu-xa-xuan-quan-prj-haven-park-residences/ban-1pn-view-trieu-do-dt-32m2-gia-chi-1ty950-bao-phi-co-tru-5-lh-pr41919732
/ban-dat-xa-van-canh-1/chinh-chu-ban-51-6m2-co-vi-tri-cuc-dep-cach-duong-trinh-bo-my-dinh-chi-50m-t7-2025-pr40250894
/ban-nha-mat-pho-duong-dinh-quoi-an-phuong-thanh-xuan/c-b-cap-dat-tien-p-thh-xu-qu-12-lien-he-ly-pr41240920
/ban-can-ho-chung-cu-duong-nguyen-van-linh-xa-phong-phu-4-prj-sai-gon-intela/chuyen-sang-nhuong-saigon-ro-hang-gia-tot-2pn-1-45-ty-3pn-78m2-2-05ty-gia-that-100-pr41734321
/ban-can-ho-chung-cu-duong-nguyen-trai-phuong-thuong-dinh-prj-royal-city/tong-p-quy-1pn-2pn-3pn-4pn-duplex-chu-nha-gui-ban-tai-lh-pr41632878
/ban-shophouse-nha-pho-thuong-mai-xa-tan-vinh-prj-centre-ville-luong-son-hoa-binh/soc-nhan-qua-tri-gia-160tr-khi-mua-centreville-nhan-mat-bang-kinh-doanh-som-pr41841880
/ban-can-ho-chung-cu-duong-nguyen-huu-canh-phuong-nguyen-an-ninh-prj-vung-tau-centre-point/mr-hieu-dic-mua-nha-tang-xe-o-to-mercedes-gia-tu-3-2-ty-5-suat-cuoi-pr41919429
/ban-can-ho-chung-cu-duong-nguyen-van-linh-xa-phong-phu-4-prj-sai-gon-intela/top-1-gio-hang-chuyen-nhuong-gia-tot-nhat-trong-t10-chi-1ty280-trieu-pr38346188
/ban-dat-xa-dong-yen-2/ban-tai-quoc-oai-ha-noi-chi-voi-2-4-ty-100m2-pr41919139
/ban-dat-duong-lac-long-quan-xa-tien-thanh-1/ban-hon-do-au-co-van-xuan-lh-0986707476-pr25757467
/ban-dat-duong-can-thanh-thi-tran-can-thanh/hot-gio-hai-mat-tien-full-tho-cu-phap-ly-chuan-lien-he-em-thuy-pr41880080
/ban-nha-mat-pho-pho-bach-mai-phuong-cau-den/ngay-nga-tu-hue-3-phut-ra-ho-guom-sieu-rong-130m2-tien-rong-mo-kinh-doanh-dinh-cao-pr41919020
/ban-trang-trai-khu-nghi-duong-duong-mang-ling-phuong-7_3/dat-va-nha-cap-4-mat-tien-kqh-lin-p7-da-lat-ngang-18m-pr41918206
/ban-nha-biet-thu-lien-ke-duong-to-huu-phuong-duong-noi-prj-solasta-mansion-duong-noi/thieu-tien-vao-dot-3-can-ban-gap-gd-1-trong-thang-7-gia-24-x-ty-lh-pr40405446
/ban-can-ho-chung-cu-phuong-tay-mo-prj-masteri-west-heights/chinh-chu-ban-1pn-1-view-47m2-full-do-gia-3-8-ty-lh-em-hang-pr41918896
/ban-nha-rieng-duong-hoang-quoc-viet-phuong-nghia-do-1/-sieu-hiem-30m2-6-tang-ngo-o-to-nho-30m-ra-o-to-tranh-sau-qh-ra-o-to-tranh-gap-pr41918887
/ban-nha-biet-thu-lien-ke-xa-long-hung-prj-the-empire-vinhomes-ocean-park-2/co-hoi-duy-nhat-so-huu-can-goc-view-quang-truong-chiet-khau-khung-nen-toi-27-5-lh-pr41918860
/ban-nha-rieng-duong-co-bac-phuong-cau-ong-lanh/ban-48-4-q1-hcm-5-2-ty-30-8m2-pr41910532
/ban-nha-biet-thu-lien-ke-xa-nghia-tru-prj-the-crown-vinhomes-ocean-park-3/phan-khu-thoi-dai-vip-nhat-du-an-3-he-em-thu-pr41918613
/ban-can-ho-chung-cu-phuong-phu-thuong-1-prj-sunshine-golden-river/ban-2-cao-cap-ko-gian-song-xanh-142m2-va-160m2-re-hon-gia-goc-cdt-pr40768951
/ban-nha-rieng-duong-huong-lo-2-phuong-binh-tri-dong-a/-5-tang-thiet-ke-hien-dai-dt-4-x-16-full-noi-that-gan-nga-4-bon-xa-le-van-quoi-pr41918468
/ban-dat-duong-quoc-lo-21a-quoc-lo-21-xa-tan-xa/ban-tai-thach-that-ha-noi-2-ty-100m2-pr41918329
/ban-can-ho-chung-cu-duong-ho-tung-mau-phuong-phu-dien-prj-goldmark-city/em-tam-dan-co-quy-gia-tot-nhat-lam-viec-chinh-chu-khong-thu-chenh-pr41918268
/ban-nha-biet-thu-lien-ke-phuong-dai-kim-prj-khu-do-thi-moi-linh-dam/cac-can-ban-dt-200m2-250m2-lo-goc-290m2-gia-tu-160tr-m2-4-tang-thang-may-sd-pr40251709
/ban-nha-rieng-duong-nguyen-van-dau-phuong-11-7/xe-hoi-do-trong-biet-thu-mini-tuyet-dep-lung-2-lau-full-noi-that-c-cap-khu-vip-dau-pr41918248
/ban-shophouse-nha-pho-thuong-mai-duong-tan-tuc-thi-tran-tan-tuc-prj-westgate/ban-434m2-so-huu-lau-dai-tt-chi-6-7ty-n-kem-hd-thue-90tr-trong-03-nam-pr41918230
/ban-nha-biet-thu-lien-ke-duong-quoc-lo-32-thi-tran-tram-troi-prj-khu-do-thi-moi-lideco-bac-quoc-lo-32/-can-ban-can-don-lap-full-noi-that-cao-cap-dien-tich-290m2-pr41912887
/ban-can-ho-chung-cu-duong-ton-dan-phuong-13-prj-khu-can-ho-contrexim-copac-square/ban-82m2-2pn-117m2-3pn-view-song-sg-gia-tu-3-9-den-6-ty-full-noi-that-pr41723850
/ban-nha-rieng-duong-cau-giay-phuong-dich-vong/chung-cu-mini-lo-goc-2-thoang-oto-ngay-quan-uy-cg-20pkk-du-do-dong-tien-100tr-th-pccc-pr41916309
/ban-dat-duong-ly-thai-to-xa-dam-bri/chinh-chu-can-ban-gap-lo-1042m2-co-200-m2-tho-cu-gia-chi-1-2-ty-phu-hop-nghi-va-dau-tu-pr41917857
/ban-nha-rieng-duong-la-xuan-oai-phuong-tang-nhon-phu-a/-hxh-51m2-3-5-2-ty-qun-9-pr41917805
/ban-can-ho-chung-cu-duong-vo-chi-cong-phuong-phu-huu-2-prj-safira-khang-dien/gio-hang-moi-nhat-thang-8-1pn-2ty-2pn-2-45-ty-3pn-3-29-chot-gia-truc-tiep-voi-chu-nha-pr37795101
/ban-nha-rieng-duong-hoe-thi-phuong-xuan-phuong/duy-nhat-chdv-doi-dien-cd-fpt-dong-50tr-th-pccc-thang-may-gan-o-to-chi-6-x-ty-pr40055431
/ban-nha-rieng-duong-yen-hoa-phuong-yen-hoa-2/cc-can-ban-gap-2t-cau-giay-102m2-lo-goc-o-to-chi-13-ty-pr40248965
/ban-can-ho-chung-cu-duong-xa-lo-ha-noi-phuong-thao-dien-prj-masteri-thao-dien/gia-chi-5-ty-950-bao-phi-2-phong-ngu-full-nt-so-hong-con-thuong-luong-pr41917695
/ban-can-ho-chung-cu-duong-pham-kiet-phuong-khue-my-prj-the-sang-residence/sieu-ban-gap-2pn-82-5m2-bien-khe-tt-da-nang-so-do-lau-dai-pr41917660
/ban-nha-mat-pho-duong-nam-ky-khoi-nghia-phuong-7-3/dinh-cu-nuoc-ngoai-ban-gap-mt-quan-3-dt-17x26m-xay-dung-1h8t-gia-190-ty-tl-pr41917528
/ban-dat-duong-linh-dong-phuong-linh-dong/ban-thua-sach-chinh-chu-thue-hoan-tat-pr41917018
/ban-dat-duong-360-xa-tan-dan/ban-gan-thi-tran-an-lao-va-cong-nghiep-an-trang-hai-phong-so-do-gia-re-pr41917432
/ban-nha-rieng-phuong-tan-phong-9/-khu-dan-cu-quy-dong-p-dt-6x15m-tret-2-lau-huong-dong-dg-nguyen-thi-thap-pr41917276
/ban-condotel-pho-thi-sach-phuong-thang-tam-prj-the-song/gio-hang-suat-ngoai-giao-1pn-2pn-3pn-lh-0933994405-pr34269897
/ban-dat-duong-ho-chi-minh-xa-hung-thi/ban-tai-mat-mon-tai-lac-thuy-a-binh-dt-170m2-340m2-mt-5-10m-so-do-tung-lo-pr41917161
/ban-can-ho-chung-cu-phuong-tay-mo-prj-lumiere-evergreen/cap-nhat-lien-tuc-quy-studio-1pn-3pn-gia-tot-nhat-thi-truong-evergreen-pr41769699
/ban-can-ho-chung-cu-duong-duong-van-be-phuong-vinh-tuy-prj-sunshine-garden/quy-chu-dau-tu-va-chuyen-nhuong-co-so-tot-nhat-t10-2022-em-cuong-0976044111-pr35517026
/ban-can-ho-chung-cu-duong-nguyen-van-huong-phuong-thao-dien-prj-thao-dien-green/90-suat-noi-bo-view-dep-chiet-khau-12-nhan-nha-tang-3-chi-vang-pnj-tai-q2-pr41916944
/ban-can-ho-chung-cu-duong-lac-long-quan-phuong-phu-thuong-1-prj-khu-do-thi-nam-thang-long-ciputra/cap-nhat-bang-gia-ban-kdt-moi-nhat-3-2024-lh-pr39356340
/ban-can-ho-chung-cu-duong-ngo-thi-nham-phuong-hoa-khanh-bac/so-huu-trung-tam-quan-lien-chieu-chi-tu-580-trieu-ban-giao-full-noi-that-mia-center-point-pr41790338
/ban-can-ho-chung-cu-duong-le-van-luong-phuong-nhan-chinh-prj-the-diamond-residence/tong-hop-quy-2pn-3pn-4pn-du-an-85tr-m2-lam-viec-chu-re-nhat-t12-pr41916702
/ban-can-ho-chung-cu-duong-nguyen-van-huong-phuong-thao-dien-prj-thao-dien-green/4-suat-cam-ket-thue-lai-tu-chu-dau-tu-duoc-lay-truoc-mo-ban-trong-gio-hang-si-gia-tot-hon-250tr-pr41723643
/ban-can-ho-chung-cu-duong-pham-van-dong-phuong-co-nhue-1-prj-green-stars/ang-gia-group-tong-p-25-greenstar-loai-2-3-pn-dang-nhu-cau-chuyen-nhuong-gia-tot-pr39732053
/ban-can-ho-chung-cu-duong-pham-van-dong-phuong-co-nhue-1-prj-an-binh-city/pkd-chu-dau-tu-tong-p-35-loai-2-3-pn-gia-chuyen-nhuong-tot-nhat-thi-truong-pr39667628
/ban-can-ho-chung-cu-duong-pham-van-dong-phuong-co-nhue-1-prj-green-stars/cap-nhat-hang-ngay-quy-2-3pn-tai-star-ban-gap-lien-he-mai-pr39896407
